id,type,amount,balance_after,k_symbol,bank,label
TXN-000001,PRIJEM,587319.81,38573.74,UVER,BANK-02,1
TXN-000002,VYBER,61302.5,-3398.86,POJISTNE,BANK-12,1
TXN-000003,VYBER,3179.54,23439.85,UROK,BANK-16,1
TXN-000004,VYDAJ,67169.07,-7978.19,POJISTNE,BANK-06,1
TXN-000005,VYBER,454365.28,21631.91,POJISTNE,BANK-07,1
TXN-000006,VYDAJ,351110.96,31072.19,DUCHOD,BANK-15,1
TXN-000007,VYDAJ,99872.44,3278.26,UVER,BANK-15,1
TXN-000008,VYDAJ,67906.8,27312.62,,BANK-03,1
TXN-000009,PRIJEM,37024.28,-2503.22,UVER,BANK-12,1
TXN-000010,PRIJEM,92758.4,-8537.03,UVER,BANK-04,1
TXN-000011,VYDAJ,72776.15,45955.61,SLUZBY,BANK-07,1
TXN-000012,VYDAJ,85385.25,-6112.49,UROK,BANK-01,1
TXN-000013,VYDAJ,73480.16,-5669.71,SLUZBY,BANK-01,1
TXN-000014,VYDAJ,433153.44,10437.79,POJISTNE,BANK-03,1
TXN-000015,VYDAJ,91159.91,-2949.19,POJISTNE,BANK-16,1
TXN-000016,PRIJEM,525339.95,34129.65,SIPO,BANK-02,1
TXN-000017,VYBER,482410.07,46587.67,DUCHOD,BANK-11,1
TXN-000018,VYDAJ,68736.63,20961.29,SIPO,BANK-10,1
TXN-000019,PRIJEM,276910.83,37921.67,UROK,BANK-19,1
TXN-000020,PRIJEM,55811.17,-7306.54,UVER,BANK-19,1
TXN-000021,VYDAJ,78461.16,-3505.78,UROK,BANK-12,1
TXN-000022,PRIJEM,53931.58,-2351.28,SANKC. UROK,BANK-17,1
TXN-000023,PRIJEM,66030.41,-3101.1,UROK,BANK-11,1
TXN-000024,VYBER,59226.57,25897.32,,BANK-13,1
TXN-000025,PRIJEM,273250.57,25547.34,DUCHOD,BANK-05,1
TXN-000026,VYBER,109153.56,20069.36,SIPO,BANK-06,1
TXN-000027,PRIJEM,93590.15,-5904.86,SLUZBY,BANK-05,1
TXN-000028,VYBER,240691.42,22577.67,,BANK-16,1
TXN-000029,VYDAJ,165062.03,25094.88,POJISTNE,BANK-18,1
TXN-000030,VYDAJ,108460.18,2152.71,UDRZBA,BANK-02,1
TXN-000031,VYDAJ,333867.45,7183.15,DUCHOD,BANK-05,1
TXN-000032,VYBER,66523.23,24651.84,UVER,BANK-08,1
TXN-000033,VYBER,401782.98,18008.66,POJISTNE,BANK-17,1
TXN-000034,VYBER,369525.78,27107.89,UVER,BANK-07,1
TXN-000035,PRIJEM,78256.18,-3822.79,UVER,BANK-04,1
TXN-000036,VYBER,274333.29,49233.69,UVER,BANK-19,1
TXN-000037,PRIJEM,5438.55,25220.41,UVER,BANK-18,1
TXN-000038,VYBER,39927.54,-1992.88,UVER,BANK-15,1
TXN-000039,VYDAJ,70876.41,-9226.28,UROK,BANK-11,1
TXN-000040,VYDAJ,436381.48,22819.81,UDRZBA,BANK-08,1
TXN-000041,PRIJEM,217727.92,45200.96,UROK,BANK-16,1
TXN-000042,VYBER,24993.78,-4633.1,,BANK-00,1
TXN-000043,PRIJEM,67487.67,-9018.19,SLUZBY,BANK-13,1
TXN-000044,PRIJEM,360775.08,980.18,DUCHOD,BANK-13,1
TXN-000045,PRIJEM,7467.22,-6331.63,UVER,BANK-07,1
TXN-000046,VYDAJ,361525.56,17184.83,SANKC. UROK,BANK-04,1
TXN-000047,PRIJEM,30013.93,-9881.34,UROK,BANK-19,1
TXN-000048,VYDAJ,173819.92,45673.08,UDRZBA,BANK-16,1
TXN-000049,PRIJEM,77932.87,-6849.44,SANKC. UROK,BANK-05,1
TXN-000050,PRIJEM,51062.58,-6323.63,SANKC. UROK,BANK-14,1
TXN-000051,PRIJEM,81500.08,-4580.9,UDRZBA,BANK-11,1
TXN-000052,VYDAJ,362194.98,46036.68,UVER,BANK-02,1
TXN-000053,VYBER,63548.61,-6704.49,SANKC. UROK,BANK-10,1
TXN-000054,VYDAJ,81381.64,-298.13,UROK,BANK-10,1
TXN-000055,VYDAJ,73511.16,-3990.65,SIPO,BANK-06,1
TXN-000056,PRIJEM,15227.61,-4858.76,SIPO,BANK-12,1
TXN-000057,VYBER,199786.75,38465.09,SIPO,BANK-15,1
TXN-000058,PRIJEM,441537.73,46693.86,UDRZBA,BANK-07,1
TXN-000059,PRIJEM,129666.17,42131.78,SIPO,BANK-06,1
TXN-000060,VYBER,17684.29,-519.35,DUCHOD,BANK-12,1
TXN-000061,PRIJEM,1598.61,-1100.5,,BANK-05,1
TXN-000062,PRIJEM,71989.52,-2965.5,UDRZBA,BANK-19,1
TXN-000063,VYDAJ,50581.75,-9632,UROK,BANK-06,1
TXN-000064,VYDAJ,98181.95,-1526.85,SANKC. UROK,BANK-09,1
TXN-000065,PRIJEM,371038.97,48709.16,UROK,BANK-10,1
TXN-000066,VYDAJ,136968.75,26922.41,DUCHOD,BANK-16,1
TXN-000067,VYBER,116335.62,43192.68,UVER,BANK-19,1
TXN-000068,VYBER,80672.98,-8961.82,UDRZBA,BANK-01,1
TXN-000069,VYDAJ,128498.22,35084.68,UROK,BANK-12,1
TXN-000070,VYDAJ,2360.11,33714.84,,BANK-07,1
TXN-000071,PRIJEM,28932.87,-3137.41,UROK,BANK-16,1
TXN-000072,VYDAJ,370670.61,36803.36,SLUZBY,BANK-15,1
TXN-000073,PRIJEM,30060.01,-9387.46,SLUZBY,BANK-13,1
TXN-000074,VYBER,52072.25,-9769.2,DUCHOD,BANK-07,1
TXN-000075,VYDAJ,471030.79,40785.4,SLUZBY,BANK-11,1
TXN-000076,VYBER,76550.41,-480.23,SANKC. UROK,BANK-08,1
TXN-000077,VYBER,312437.68,18949.58,SIPO,BANK-07,1
TXN-000078,VYBER,39258.07,-5330.07,UVER,BANK-06,1
TXN-000079,VYDAJ,88459.73,-6632.32,UVER,BANK-15,1
TXN-000080,VYBER,99334.91,-6989.58,SLUZBY,BANK-04,1
TXN-000081,VYDAJ,184013.81,45857.9,UROK,BANK-11,1
TXN-000082,VYBER,567192.58,7728.03,UDRZBA,BANK-13,1
TXN-000083,VYBER,256576.26,48237.58,SIPO,BANK-04,1
TXN-000084,VYDAJ,21533.43,-5087.7,SANKC. UROK,BANK-17,1
TXN-000085,VYDAJ,456107.07,546.66,UROK,BANK-04,1
TXN-000086,VYDAJ,30584.64,-6115.28,SANKC. UROK,BANK-11,1
TXN-000087,VYDAJ,81574.28,-5604.43,,BANK-02,1
TXN-000088,VYBER,309637.63,42581.04,UVER,BANK-04,1
TXN-000089,PRIJEM,19345.04,-8915.78,SLUZBY,BANK-04,1
TXN-000090,PRIJEM,121719.92,21636.12,SLUZBY,BANK-02,1
TXN-000091,PRIJEM,569968.1,49484.07,SLUZBY,BANK-09,1
TXN-000092,VYDAJ,58769.52,-7213.37,UDRZBA,BANK-02,1
TXN-000093,VYBER,355330.01,5642.47,DUCHOD,BANK-10,1
TXN-000094,PRIJEM,87302.17,33290.45,UDRZBA,BANK-15,1
TXN-000095,VYBER,45403.34,-725.74,SLUZBY,BANK-11,1
TXN-000096,VYBER,91134.01,11111.13,,BANK-07,1
TXN-000097,VYBER,73603.1,-7789.26,UROK,BANK-00,1
TXN-000098,PRIJEM,96691.86,-8140.83,UDRZBA,BANK-13,1
TXN-000099,PRIJEM,96981.53,-6067.61,,BANK-16,1
TXN-000100,PRIJEM,341954.13,6716.68,SANKC. UROK,BANK-02,1
TXN-000101,VYBER,91371.48,35484.48,UVER,BANK-19,0
TXN-000102,VYBER,62201.9,44237.91,POJISTNE,BANK-18,0
TXN-000103,PRIJEM,69201.98,7202.06,POJISTNE,BANK-13,0
TXN-000104,VYDAJ,92376.9,15990.42,SIPO,BANK-06,0
TXN-000105,VYBER,14431.26,36257.92,SLUZBY,BANK-13,0
TXN-000106,VYDAJ,9527.63,32876.45,UROK,BANK-10,0
TXN-000107,VYBER,94676.72,34055.92,SANKC. UROK,BANK-18,0
TXN-000108,VYBER,74874.68,24786.65,,BANK-03,0
TXN-000109,VYDAJ,31335.15,2705.51,,BANK-13,0
TXN-000110,VYBER,90929.37,25826.57,UROK,BANK-00,0
TXN-000111,VYBER,80367.29,13658,DUCHOD,BANK-19,0
TXN-000112,PRIJEM,29039.96,26987.68,UROK,BANK-16,0
TXN-000113,PRIJEM,263270.91,14767.11,SLUZBY,BANK-12,0
TXN-000114,VYDAJ,8140.37,7803.49,SIPO,BANK-05,0
TXN-000115,VYDAJ,81072.41,14717.32,,BANK-02,0
TXN-000116,VYBER,75058.25,12057.45,UROK,BANK-02,0
TXN-000117,VYBER,57377.81,46694.14,SLUZBY,BANK-17,0
TXN-000118,VYBER,39523.26,23321.57,DUCHOD,BANK-01,0
TXN-000119,VYDAJ,10518.9,46183.7,UROK,BANK-15,0
TXN-000120,VYBER,79000.99,35117,SANKC. UROK,BANK-15,0
TXN-000121,PRIJEM,23174.25,19204.54,DUCHOD,BANK-01,0
TXN-000122,VYDAJ,29368.91,49852.77,DUCHOD,BANK-11,0
TXN-000123,VYDAJ,83287.82,41413.53,UVER,BANK-04,0
TXN-000124,VYDAJ,16930.17,48640.09,,BANK-03,0
TXN-000125,PRIJEM,3045.32,46959.98,UVER,BANK-08,0
TXN-000126,VYDAJ,69902.28,46141.98,SANKC. UROK,BANK-05,0
TXN-000127,VYDAJ,95291.44,4295.77,POJISTNE,BANK-02,0
TXN-000128,VYBER,65274.58,45104.64,,BANK-09,0
TXN-000129,PRIJEM,32689.97,22546.62,SLUZBY,BANK-14,0
TXN-000130,PRIJEM,11390.09,7530.93,SLUZBY,BANK-10,0
TXN-000131,VYDAJ,58362.38,24118.25,SANKC. UROK,BANK-10,0
TXN-000132,VYBER,65455.34,40659.22,UDRZBA,BANK-12,0
TXN-000133,VYDAJ,20111.37,18891.4,POJISTNE,BANK-12,0
TXN-000134,VYDAJ,53989.42,40043.8,POJISTNE,BANK-17,0
TXN-000135,VYDAJ,98814.86,46892.85,UROK,BANK-09,0
TXN-000136,VYDAJ,78864.46,8460.02,UROK,BANK-00,0
TXN-000137,VYDAJ,36092.31,40367.3,SANKC. UROK,BANK-13,0
TXN-000138,PRIJEM,30228.34,26607.74,SIPO,BANK-03,0
TXN-000139,VYBER,105850.84,3554.3,SANKC. UROK,BANK-03,0
TXN-000140,VYBER,97503.64,3893.49,POJISTNE,BANK-11,0
TXN-000141,VYDAJ,38131.11,30147.96,SANKC. UROK,BANK-08,0
TXN-000142,VYDAJ,27878.31,20527.11,UDRZBA,BANK-10,0
TXN-000143,VYBER,13357.98,23510.74,SLUZBY,BANK-07,0
TXN-000144,PRIJEM,72789.04,5621.36,,BANK-01,0
TXN-000145,VYBER,20140.64,36632.69,UROK,BANK-05,0
TXN-000146,VYDAJ,43457.79,16543.33,DUCHOD,BANK-17,0
TXN-000147,VYDAJ,89512.89,39821.56,SANKC. UROK,BANK-11,0
TXN-000148,PRIJEM,78147.26,46980.8,SLUZBY,BANK-10,0
TXN-000149,VYDAJ,23788.48,21656.52,SLUZBY,BANK-05,0
TXN-000150,VYBER,64356.36,35677.82,SANKC. UROK,BANK-05,0
TXN-000151,VYDAJ,38469.61,2588.92,SLUZBY,BANK-05,0
TXN-000152,VYBER,42662.77,46377.19,,BANK-05,0
TXN-000153,VYBER,57797.98,37270.84,,BANK-16,0
TXN-000154,VYBER,13698.29,1508.4,UROK,BANK-08,0
TXN-000155,PRIJEM,169598.54,13822.92,UDRZBA,BANK-11,0
TXN-000156,VYDAJ,14721.53,12881.65,SANKC. UROK,BANK-07,0
TXN-000157,VYDAJ,32252.59,8696,UVER,BANK-03,0
TXN-000158,VYBER,99624.96,14158.57,UDRZBA,BANK-00,0
TXN-000159,VYDAJ,24079.77,2651.11,,BANK-15,0
TXN-000160,PRIJEM,50887.15,5984.1,DUCHOD,BANK-02,0
TXN-000161,VYDAJ,162486.21,49353.72,POJISTNE,BANK-06,0
TXN-000162,VYBER,54112.57,26236.01,SIPO,BANK-02,0
TXN-000163,PRIJEM,39789.42,38247.67,,BANK-18,0
TXN-000164,VYDAJ,87603.81,11189.88,SANKC. UROK,BANK-15,0
TXN-000165,PRIJEM,53851.66,28765.61,SANKC. UROK,BANK-11,0
TXN-000166,VYBER,100342.44,3859.67,POJISTNE,BANK-05,0
TXN-000167,PRIJEM,78060.36,32249.99,SLUZBY,BANK-09,0
TXN-000168,VYBER,14398.13,10263.4,,BANK-07,0
TXN-000169,VYBER,33282.29,48125.96,POJISTNE,BANK-17,0
TXN-000170,VYBER,76227.83,10756.81,SANKC. UROK,BANK-15,0
TXN-000171,PRIJEM,51408.46,27400.68,POJISTNE,BANK-02,0
TXN-000172,PRIJEM,74792.5,31748.57,UDRZBA,BANK-14,0
TXN-000173,VYDAJ,39294.34,47743.23,SIPO,BANK-16,0
TXN-000174,PRIJEM,27208.96,41466.35,UROK,BANK-14,0
TXN-000175,PRIJEM,5302.13,28738.75,UROK,BANK-17,0
TXN-000176,VYBER,62124.09,36622.83,SLUZBY,BANK-07,0
TXN-000177,VYDAJ,86185.11,20316.84,UDRZBA,BANK-06,0
TXN-000178,PRIJEM,4083.6,24410.59,DUCHOD,BANK-04,0
TXN-000179,VYBER,29063.25,13913.64,UVER,BANK-09,0
TXN-000180,VYDAJ,92048.51,7025.71,POJISTNE,BANK-16,0
TXN-000181,PRIJEM,74484.85,38159.08,UDRZBA,BANK-08,0
TXN-000182,VYBER,67748.58,35548.63,DUCHOD,BANK-08,0
TXN-000183,PRIJEM,76358.59,45816.56,SLUZBY,BANK-02,0
TXN-000184,VYDAJ,79423.43,19568.68,UVER,BANK-17,0
TXN-000185,PRIJEM,7554.81,19084.35,SANKC. UROK,BANK-08,0
TXN-000186,PRIJEM,24562.27,26050.71,POJISTNE,BANK-07,0
TXN-000187,VYDAJ,13191.41,41746.61,SANKC. UROK,BANK-19,0
TXN-000188,VYBER,13276.52,21985.5,UVER,BANK-00,0
TXN-000189,PRIJEM,10744.27,7142.41,SLUZBY,BANK-12,0
TXN-000190,VYBER,100330.02,18391.67,SIPO,BANK-19,0
TXN-000191,VYBER,33395.92,16756.36,DUCHOD,BANK-08,0
TXN-000192,PRIJEM,94274.64,49006.49,SANKC. UROK,BANK-01,0
TXN-000193,PRIJEM,59534.72,22468.85,SLUZBY,BANK-17,0
TXN-000194,VYBER,48306,41721.07,UVER,BANK-12,0
TXN-000195,PRIJEM,35199.43,25290.95,UVER,BANK-11,0
TXN-000196,VYDAJ,68361.97,40913.91,UROK,BANK-09,0
TXN-000197,VYDAJ,76999.05,30650.88,POJISTNE,BANK-01,0
TXN-000198,PRIJEM,40299.06,47313.3,UROK,BANK-10,0
TXN-000199,VYBER,43402.39,5669.25,SIPO,BANK-06,0
TXN-000200,PRIJEM,25559.97,37629.6,UVER,BANK-12,0
TXN-000201,PRIJEM,55310.73,22286.09,UVER,BANK-01,0
TXN-000202,VYDAJ,35411.97,20944,SLUZBY,BANK-04,0
TXN-000203,VYBER,16346.83,10224.69,UVER,BANK-00,0
TXN-000204,VYDAJ,89604.61,15976.3,,BANK-07,0
TXN-000205,VYBER,191764.71,48870.72,UDRZBA,BANK-18,0
TXN-000206,VYBER,34030.65,37318.07,UVER,BANK-00,0
TXN-000207,PRIJEM,17681,44495.36,,BANK-19,0
TXN-000208,PRIJEM,8859.02,20121.69,POJISTNE,BANK-15,0
TXN-000209,VYBER,49617.4,32870.22,POJISTNE,BANK-16,0
TXN-000210,VYDAJ,71769.68,25768.28,UDRZBA,BANK-06,0
TXN-000211,PRIJEM,6001.72,19454.6,UROK,BANK-11,0
TXN-000212,VYBER,44558.19,47358.07,UDRZBA,BANK-08,0
TXN-000213,VYBER,39610.22,49086.12,SANKC. UROK,BANK-04,0
TXN-000214,VYBER,34223.76,6269.85,SLUZBY,BANK-12,0
TXN-000215,PRIJEM,46359.02,30043.29,UVER,BANK-06,0
TXN-000216,VYBER,41423.63,41907.82,SLUZBY,BANK-16,0
TXN-000217,VYBER,56950.95,27894.17,UDRZBA,BANK-09,0
TXN-000218,VYBER,41931.89,10544.72,UVER,BANK-12,0
TXN-000219,VYBER,48389.56,33411.48,,BANK-02,0
TXN-000220,PRIJEM,4261.59,14822.02,SLUZBY,BANK-03,0
TXN-000221,VYBER,60759.66,10765.73,SANKC. UROK,BANK-16,0
TXN-000222,VYBER,36439.54,33983.77,DUCHOD,BANK-02,0
TXN-000223,VYBER,61306.6,14734.72,POJISTNE,BANK-04,0
TXN-000224,VYDAJ,46902.63,8934.31,UDRZBA,BANK-03,0
TXN-000225,VYBER,88830.64,17552.86,SLUZBY,BANK-00,0
TXN-000226,VYDAJ,9392.17,42680.47,UVER,BANK-12,0
TXN-000227,PRIJEM,10501.8,4554.24,,BANK-07,0
TXN-000228,VYDAJ,2924.79,30564.42,DUCHOD,BANK-10,0
TXN-000229,VYBER,16413.77,17007.74,SLUZBY,BANK-12,0
TXN-000230,PRIJEM,9338.89,399.63,UDRZBA,BANK-06,0
TXN-000231,VYBER,54338.07,8154.91,POJISTNE,BANK-04,0
TXN-000232,PRIJEM,53572.52,12598.23,UROK,BANK-01,0
TXN-000233,VYDAJ,73934.63,46601.16,SIPO,BANK-03,0
TXN-000234,PRIJEM,61677.13,43026.1,SLUZBY,BANK-18,0
TXN-000235,PRIJEM,15815.15,7588.2,UDRZBA,BANK-15,0
TXN-000236,VYDAJ,99770.94,8522.81,DUCHOD,BANK-17,0
TXN-000237,VYDAJ,110976.62,730.4,SANKC. UROK,BANK-13,0
TXN-000238,VYBER,35792.77,47959.02,,BANK-04,0
TXN-000239,VYBER,54068.32,5468.01,,BANK-15,0
TXN-000240,PRIJEM,8820.87,25637.34,,BANK-01,0
TXN-000241,PRIJEM,10750.15,4998.68,SANKC. UROK,BANK-11,0
TXN-000242,VYBER,82238.52,36730.81,POJISTNE,BANK-18,0
TXN-000243,VYBER,244954.78,46022.04,DUCHOD,BANK-17,0
TXN-000244,PRIJEM,7477.88,40937.47,SIPO,BANK-03,0
TXN-000245,VYBER,28150.07,46996.89,UDRZBA,BANK-01,0
TXN-000246,PRIJEM,25645.15,32123.48,UDRZBA,BANK-11,0
TXN-000247,PRIJEM,18290.8,14636.73,,BANK-10,0
TXN-000248,VYDAJ,18983.82,45688.55,,BANK-16,0
TXN-000249,PRIJEM,90623.46,26134.42,,BANK-07,0
TXN-000250,VYBER,50364.9,49014.11,UVER,BANK-11,0
TXN-000251,PRIJEM,29620.25,38680.99,SLUZBY,BANK-01,0
TXN-000252,PRIJEM,56030.06,4152.39,SIPO,BANK-03,0
TXN-000253,VYDAJ,64857.26,18529.6,UDRZBA,BANK-11,0
TXN-000254,VYDAJ,89910.5,4297.04,SANKC. UROK,BANK-03,0
TXN-000255,PRIJEM,43333.84,8593.45,UVER,BANK-01,0
TXN-000256,PRIJEM,8963.89,3482.6,UROK,BANK-14,0
TXN-000257,VYDAJ,8817.88,31692.07,DUCHOD,BANK-02,0
TXN-000258,VYBER,20790.69,3005.56,SANKC. UROK,BANK-10,0
TXN-000259,VYDAJ,83164.39,13067.62,DUCHOD,BANK-01,0
TXN-000260,PRIJEM,67457.55,17516.32,SIPO,BANK-10,0
TXN-000261,VYDAJ,19635.07,13704.67,UVER,BANK-05,0
TXN-000262,PRIJEM,7221.41,35910.61,POJISTNE,BANK-11,0
TXN-000263,VYDAJ,41608.82,22451.72,UVER,BANK-10,0
TXN-000264,PRIJEM,41842.8,12421.29,UDRZBA,BANK-07,0
TXN-000265,PRIJEM,181833.46,46076.86,UDRZBA,BANK-14,0
TXN-000266,VYBER,72880.13,26252.96,UVER,BANK-19,0
TXN-000267,VYBER,6776.02,2422.96,DUCHOD,BANK-00,0
TXN-000268,VYDAJ,77262.8,36966.48,UDRZBA,BANK-09,0
TXN-000269,PRIJEM,39408.5,9029.01,UVER,BANK-15,0
TXN-000270,PRIJEM,92859.67,13742.93,,BANK-12,0
TXN-000271,VYBER,7501.49,40928.75,UROK,BANK-12,0
TXN-000272,VYDAJ,26604.21,25738.08,UDRZBA,BANK-02,0
TXN-000273,PRIJEM,95828.55,25865.05,SLUZBY,BANK-09,0
TXN-000274,VYDAJ,21811.08,46349.27,POJISTNE,BANK-18,0
TXN-000275,VYDAJ,63761.31,46394.44,UVER,BANK-01,0
TXN-000276,VYDAJ,4148.58,13602.55,SANKC. UROK,BANK-17,0
TXN-000277,VYBER,78515.69,35196.99,UROK,BANK-09,0
TXN-000278,VYBER,25430.63,37350.16,UROK,BANK-13,0
TXN-000279,PRIJEM,94011.47,18777.75,,BANK-13,0
TXN-000280,VYDAJ,73560.16,46728.05,POJISTNE,BANK-15,0
TXN-000281,VYBER,31139.01,9861.77,POJISTNE,BANK-10,0
TXN-000282,VYBER,27606.5,2037.66,UDRZBA,BANK-02,0
TXN-000283,VYBER,51576.82,47771.27,SLUZBY,BANK-08,0
TXN-000284,VYBER,92266.97,22443.76,UDRZBA,BANK-11,0
TXN-000285,PRIJEM,8530.19,41205.89,UDRZBA,BANK-04,0
TXN-000286,VYDAJ,22506.06,2410.28,UROK,BANK-04,0
TXN-000287,PRIJEM,72114.11,38610.1,SANKC. UROK,BANK-03,0
TXN-000288,VYDAJ,33796.15,16806.81,UVER,BANK-07,0
TXN-000289,PRIJEM,80808.62,21970.38,,BANK-04,0
TXN-000290,VYDAJ,98784.66,11776.66,UDRZBA,BANK-09,0
TXN-000291,PRIJEM,1363.91,6207.21,POJISTNE,BANK-11,0
TXN-000292,VYDAJ,81372.9,2762.91,DUCHOD,BANK-12,0
TXN-000293,PRIJEM,77305.25,18587.24,DUCHOD,BANK-02,0
TXN-000294,PRIJEM,11229.41,31514.15,,BANK-14,0
TXN-000295,VYBER,55770.8,27426.47,UDRZBA,BANK-04,0
TXN-000296,VYDAJ,82363.43,45575.57,SANKC. UROK,BANK-17,0
TXN-000297,VYBER,83333.83,31090.77,SLUZBY,BANK-11,0
TXN-000298,PRIJEM,42274.47,24740.87,SIPO,BANK-00,0
TXN-000299,PRIJEM,24664.18,622.28,SIPO,BANK-11,0
TXN-000300,VYDAJ,51375.85,34063.89,,BANK-10,0
TXN-000301,VYDAJ,14267.14,41489.77,UVER,BANK-17,0
TXN-000302,VYBER,39182.04,39110.39,SLUZBY,BANK-09,0
TXN-000303,VYBER,61994.78,16881.59,SLUZBY,BANK-01,0
TXN-000304,VYBER,76751.21,6787.09,SANKC. UROK,BANK-18,0
TXN-000305,VYBER,25308.05,18583.44,SIPO,BANK-13,0
TXN-000306,VYBER,36747.49,27253.38,DUCHOD,BANK-06,0
TXN-000307,VYBER,9635.89,41464.55,UROK,BANK-00,0
TXN-000308,VYDAJ,90596.79,36071.01,SIPO,BANK-13,0
TXN-000309,PRIJEM,5418.32,32035.36,UVER,BANK-15,0
TXN-000310,PRIJEM,41603.52,12590.8,UVER,BANK-11,0
TXN-000311,PRIJEM,51303.99,34183.06,SLUZBY,BANK-15,0
TXN-000312,PRIJEM,186532.38,14281.52,,BANK-18,0
TXN-000313,PRIJEM,15213.12,3365.37,UDRZBA,BANK-04,0
TXN-000314,VYBER,79173.11,38349.02,UVER,BANK-07,0
TXN-000315,VYDAJ,88840.27,28627.83,DUCHOD,BANK-08,0
TXN-000316,VYBER,2912.51,12184.6,SLUZBY,BANK-12,0
TXN-000317,VYBER,60010.42,37969.32,UDRZBA,BANK-16,0
TXN-000318,PRIJEM,49697.54,29544.56,POJISTNE,BANK-07,0
TXN-000319,VYBER,73465.9,41978.85,UDRZBA,BANK-16,0
TXN-000320,VYDAJ,21061.78,22748.53,UDRZBA,BANK-06,0
TXN-000321,VYBER,24046.85,6350.09,UROK,BANK-14,0
TXN-000322,VYDAJ,50709.43,49210.89,SIPO,BANK-18,0
TXN-000323,PRIJEM,93565.55,46965.74,,BANK-16,0
TXN-000324,VYBER,49608.34,38884.26,SLUZBY,BANK-01,0
TXN-000325,PRIJEM,100231.13,15045.3,UROK,BANK-04,0
TXN-000326,VYBER,17929.16,34667.47,SLUZBY,BANK-17,0
TXN-000327,PRIJEM,40645.52,48025.55,SANKC. UROK,BANK-13,0
TXN-000328,VYDAJ,5643.73,29727.82,,BANK-00,0
TXN-000329,VYBER,39736.24,28613.24,SIPO,BANK-16,0
TXN-000330,PRIJEM,44673.35,40260.63,UROK,BANK-04,0
TXN-000331,VYBER,39672.07,25424.93,DUCHOD,BANK-07,0
TXN-000332,VYDAJ,68718.38,23685.6,SANKC. UROK,BANK-05,0
TXN-000333,VYDAJ,64795.64,43730.7,SIPO,BANK-13,0
TXN-000334,VYDAJ,92407.81,41345.4,UVER,BANK-07,0
TXN-000335,VYBER,78972.25,20257.97,UVER,BANK-10,0
TXN-000336,VYBER,42283.27,47741.93,UDRZBA,BANK-04,0
TXN-000337,VYBER,75248.98,263.43,,BANK-19,0
TXN-000338,PRIJEM,72779.71,44373.53,UVER,BANK-06,0
TXN-000339,VYDAJ,21277.6,44245.51,SIPO,BANK-13,0
TXN-000340,VYDAJ,79342.06,46633.78,UDRZBA,BANK-00,0
TXN-000341,VYBER,65976.8,32596.42,POJISTNE,BANK-16,0
TXN-000342,VYBER,64288.7,25193.13,SIPO,BANK-12,0
TXN-000343,VYBER,84259.64,11504.21,SIPO,BANK-06,0
TXN-000344,VYDAJ,21615.69,29017.95,UVER,BANK-04,0
TXN-000345,VYBER,34427.91,8431.73,SANKC. UROK,BANK-09,0
TXN-000346,VYDAJ,92655.47,12687.63,UROK,BANK-04,0
TXN-000347,VYBER,85187.29,13851.54,DUCHOD,BANK-17,0
TXN-000348,VYBER,12657.76,104.53,UDRZBA,BANK-11,0
TXN-000349,VYBER,16464.54,23070.61,POJISTNE,BANK-19,0
TXN-000350,PRIJEM,78084.19,12478.17,UROK,BANK-16,0
TXN-000351,VYBER,42116.94,11917.86,UROK,BANK-05,0
TXN-000352,VYDAJ,52104.86,20055.61,POJISTNE,BANK-06,0
TXN-000353,VYBER,63914.17,11968.78,SANKC. UROK,BANK-07,0
TXN-000354,PRIJEM,56437.77,28438.95,SIPO,BANK-10,0
TXN-000355,PRIJEM,84954.94,35385.16,UROK,BANK-03,0
TXN-000356,VYBER,66464.56,34036.78,SLUZBY,BANK-07,0
TXN-000357,VYBER,86536.07,15997.76,UROK,BANK-09,0
TXN-000358,VYDAJ,21552.65,8050.53,POJISTNE,BANK-10,0
TXN-000359,VYDAJ,81152.59,47634.61,,BANK-19,0
TXN-000360,PRIJEM,23822.95,9494.05,SANKC. UROK,BANK-04,0
TXN-000361,PRIJEM,93183.56,26261.82,UVER,BANK-08,0
TXN-000362,VYBER,43570.36,1838.37,SLUZBY,BANK-05,0
TXN-000363,PRIJEM,32866.87,2730.34,UROK,BANK-12,0
TXN-000364,VYDAJ,7797.36,33796.1,UVER,BANK-00,0
TXN-000365,VYBER,2485.4,43556.31,UVER,BANK-18,0
TXN-000366,VYBER,37811.38,27788.91,UDRZBA,BANK-08,0
TXN-000367,VYDAJ,24361.37,22611.49,,BANK-05,0
TXN-000368,VYDAJ,96492.33,20474.62,UVER,BANK-09,0
TXN-000369,VYDAJ,76685.95,42961.58,UROK,BANK-15,0
TXN-000370,PRIJEM,87307.46,12865.54,POJISTNE,BANK-04,0
TXN-000371,VYDAJ,45058.49,35733.42,SLUZBY,BANK-15,0
TXN-000372,VYBER,99896.96,40822.31,UVER,BANK-07,0
TXN-000373,VYDAJ,93031.44,14457.72,DUCHOD,BANK-00,0
TXN-000374,PRIJEM,98257.08,22318.45,POJISTNE,BANK-16,0
TXN-000375,VYDAJ,2194.16,48479.34,SANKC. UROK,BANK-01,0
TXN-000376,VYBER,21189.23,48148.64,UROK,BANK-14,0
TXN-000377,VYBER,91512.16,15246.89,SANKC. UROK,BANK-03,0
TXN-000378,VYDAJ,10460.87,46648.97,UROK,BANK-17,0
TXN-000379,PRIJEM,73425.07,10562.58,SANKC. UROK,BANK-11,0
TXN-000380,VYBER,57318.11,7202.86,,BANK-09,0
TXN-000381,VYDAJ,70760.81,19882.96,UDRZBA,BANK-14,0
TXN-000382,PRIJEM,83158.33,24511.37,UDRZBA,BANK-05,0
TXN-000383,VYDAJ,5361.18,15939.09,POJISTNE,BANK-00,0
TXN-000384,VYDAJ,45914.74,14293.7,UROK,BANK-16,0
TXN-000385,VYDAJ,298796.13,18459.82,SANKC. UROK,BANK-16,0
TXN-000386,VYBER,28161.35,35483.83,UROK,BANK-17,0
TXN-000387,VYDAJ,2066.6,42165.05,UDRZBA,BANK-08,0
TXN-000388,VYDAJ,87542.33,39493.24,DUCHOD,BANK-15,0
TXN-000389,PRIJEM,39354.91,6215.33,DUCHOD,BANK-18,0
TXN-000390,PRIJEM,62106.14,45705.15,SLUZBY,BANK-16,0
TXN-000391,PRIJEM,100046.71,22166.38,UDRZBA,BANK-14,0
TXN-000392,PRIJEM,222316.17,14335.16,UROK,BANK-16,0
TXN-000393,PRIJEM,47287.07,17421.76,,BANK-10,0
TXN-000394,VYDAJ,30442.03,30167.3,UROK,BANK-03,0
TXN-000395,VYBER,19778.63,41983.52,UROK,BANK-16,0
TXN-000396,PRIJEM,120976.28,19632.06,POJISTNE,BANK-02,0
TXN-000397,VYBER,83783.71,2207.58,SLUZBY,BANK-12,0
TXN-000398,VYBER,75365.84,7319.95,DUCHOD,BANK-09,0
TXN-000399,VYDAJ,17123.28,23262.96,SANKC. UROK,BANK-01,0
TXN-000400,VYBER,136855.3,27578.77,,BANK-19,0
TXN-000401,PRIJEM,22760.38,14397.66,UROK,BANK-18,0
TXN-000402,VYBER,1745.89,18861.49,SANKC. UROK,BANK-05,0
TXN-000403,PRIJEM,27622.23,37889.98,POJISTNE,BANK-16,0
TXN-000404,VYDAJ,15022.35,26828.61,SIPO,BANK-00,0
TXN-000405,VYBER,68583.71,36682.58,SANKC. UROK,BANK-18,0
TXN-000406,PRIJEM,16126.64,48284.33,SLUZBY,BANK-08,0
TXN-000407,PRIJEM,74076.97,20413.76,POJISTNE,BANK-09,0
TXN-000408,VYDAJ,86847.02,9300.24,DUCHOD,BANK-10,0
TXN-000409,VYBER,48266.05,44418.26,UVER,BANK-09,0
TXN-000410,PRIJEM,44731.62,41782.23,UROK,BANK-13,0
TXN-000411,PRIJEM,65892.2,19091.04,UVER,BANK-19,0
TXN-000412,VYDAJ,43358.65,8990.23,POJISTNE,BANK-08,0
TXN-000413,VYDAJ,78034.92,2116.87,UDRZBA,BANK-10,0
TXN-000414,VYDAJ,29287.4,17041.63,SLUZBY,BANK-08,0
TXN-000415,PRIJEM,114809.8,4481.54,DUCHOD,BANK-12,0
TXN-000416,VYDAJ,39101.13,43665.86,UROK,BANK-03,0
TXN-000417,PRIJEM,75605.67,6403.75,UVER,BANK-17,0
TXN-000418,VYDAJ,28426.14,12314.44,,BANK-01,0
TXN-000419,VYDAJ,12027.46,22960.48,,BANK-12,0
TXN-000420,VYBER,1316.62,762.55,SANKC. UROK,BANK-01,0
TXN-000421,VYBER,20517.36,13400.83,POJISTNE,BANK-19,0
TXN-000422,PRIJEM,1313.81,12565.15,SLUZBY,BANK-15,0
TXN-000423,VYDAJ,3060.6,17702.98,UVER,BANK-19,0
TXN-000424,PRIJEM,35024.12,19430.38,POJISTNE,BANK-01,0
TXN-000425,PRIJEM,44285.98,48164.88,,BANK-19,0
TXN-000426,VYDAJ,52467.45,47328.2,SANKC. UROK,BANK-14,0
TXN-000427,VYDAJ,74095.55,29768.47,SLUZBY,BANK-13,0
TXN-000428,PRIJEM,21691.83,42733.37,SLUZBY,BANK-03,0
TXN-000429,VYDAJ,152133.79,33615.37,UROK,BANK-01,0
TXN-000430,VYBER,44346.37,4414.97,SANKC. UROK,BANK-14,0
TXN-000431,PRIJEM,4981.45,34347.13,SIPO,BANK-03,0
TXN-000432,VYBER,21465.06,6130.87,UDRZBA,BANK-01,0
TXN-000433,VYDAJ,78462.65,39793.13,POJISTNE,BANK-04,0
TXN-000434,PRIJEM,86498.84,29169.56,SLUZBY,BANK-11,0
TXN-000435,VYDAJ,194270.39,41508.91,POJISTNE,BANK-03,0
TXN-000436,VYDAJ,36757.32,7957.11,UVER,BANK-10,0
TXN-000437,VYDAJ,35331.92,43718.07,SLUZBY,BANK-16,0
TXN-000438,VYBER,2817.58,10078.74,POJISTNE,BANK-04,0
TXN-000439,PRIJEM,30520.22,6065.46,SLUZBY,BANK-04,0
TXN-000440,PRIJEM,13197.15,17224.12,DUCHOD,BANK-10,0
TXN-000441,VYBER,66195.8,2098.72,SLUZBY,BANK-00,0
TXN-000442,PRIJEM,83177.73,16683.3,UROK,BANK-03,0
TXN-000443,VYDAJ,80758.8,8882.79,DUCHOD,BANK-03,0
TXN-000444,VYBER,90873.49,22847.55,SLUZBY,BANK-18,0
TXN-000445,VYDAJ,26226.69,24498.21,DUCHOD,BANK-10,0
TXN-000446,PRIJEM,58761.03,11309.7,SANKC. UROK,BANK-12,0
TXN-000447,PRIJEM,36160.39,3609.17,,BANK-01,0
TXN-000448,VYDAJ,18309.3,8457.11,POJISTNE,BANK-11,0
TXN-000449,VYDAJ,58193.4,33518.1,UROK,BANK-03,0
TXN-000450,PRIJEM,51419.23,40347.38,UROK,BANK-01,0
TXN-000451,PRIJEM,67793.18,2382.86,SANKC. UROK,BANK-06,0
TXN-000452,PRIJEM,56890.56,14818.55,,BANK-10,0
TXN-000453,VYDAJ,50671.95,947.04,SLUZBY,BANK-06,0
TXN-000454,PRIJEM,9492.17,22563.3,SANKC. UROK,BANK-10,0
TXN-000455,VYDAJ,96967.34,6018.81,SLUZBY,BANK-09,0
TXN-000456,PRIJEM,61627.98,34870.57,,BANK-11,0
TXN-000457,VYDAJ,35265.04,29199.39,POJISTNE,BANK-16,0
TXN-000458,VYBER,89895.73,4816.98,DUCHOD,BANK-19,0
TXN-000459,VYDAJ,29106.39,15748.74,SLUZBY,BANK-03,0
TXN-000460,PRIJEM,39469.78,13981.12,SLUZBY,BANK-03,0
TXN-000461,VYDAJ,92045.71,25201.87,,BANK-09,0
TXN-000462,PRIJEM,64790.02,6595.92,SLUZBY,BANK-06,0
TXN-000463,VYDAJ,295202.95,32712.16,SLUZBY,BANK-01,0
TXN-000464,PRIJEM,25421.68,38372.32,UDRZBA,BANK-17,0
TXN-000465,VYDAJ,12807.69,38689.12,UVER,BANK-03,0
TXN-000466,PRIJEM,96054.74,28545.89,SIPO,BANK-14,0
TXN-000467,PRIJEM,98594.7,9229.8,SANKC. UROK,BANK-05,0
TXN-000468,VYBER,11292.24,15887.71,UDRZBA,BANK-17,0
TXN-000469,VYDAJ,69244.81,48367.84,UROK,BANK-11,0
TXN-000470,VYBER,86882.38,37481.12,UVER,BANK-17,0
TXN-000471,VYDAJ,60300.69,24511.93,SLUZBY,BANK-07,0
TXN-000472,PRIJEM,73953.51,19933.94,,BANK-06,0
TXN-000473,PRIJEM,65948.15,42695.17,SANKC. UROK,BANK-09,0
TXN-000474,VYBER,59536.58,22331.22,SANKC. UROK,BANK-17,0
TXN-000475,PRIJEM,94264.68,12509.43,POJISTNE,BANK-16,0
TXN-000476,VYDAJ,85318.68,11906.61,UVER,BANK-09,0
TXN-000477,PRIJEM,39803.5,7704.39,UVER,BANK-05,0
TXN-000478,VYBER,1768.23,12377.22,UDRZBA,BANK-06,0
TXN-000479,PRIJEM,25259.61,47974.69,SANKC. UROK,BANK-13,0
TXN-000480,VYDAJ,58485.9,26320.63,UVER,BANK-16,0
TXN-000481,PRIJEM,59484.25,23692.97,SIPO,BANK-05,0
TXN-000482,PRIJEM,97478.16,44269.72,SIPO,BANK-01,0
TXN-000483,VYBER,55757.23,29217.7,DUCHOD,BANK-19,0
TXN-000484,VYBER,29488.04,48467.19,SIPO,BANK-06,0
TXN-000485,VYDAJ,91297.29,37792.2,UVER,BANK-01,0
TXN-000486,PRIJEM,71477.65,33000.42,SANKC. UROK,BANK-17,0
TXN-000487,VYBER,30091.28,14810.17,UVER,BANK-05,0
TXN-000488,VYBER,13571.23,11012.93,SIPO,BANK-00,0
TXN-000489,VYDAJ,41566.36,38582.91,SLUZBY,BANK-13,0
TXN-000490,PRIJEM,69288.92,15377.07,UROK,BANK-16,0
TXN-000491,PRIJEM,59514.72,33093.8,SIPO,BANK-06,0
TXN-000492,PRIJEM,30937.59,21296.88,UDRZBA,BANK-10,0
TXN-000493,PRIJEM,73859.84,6275.26,DUCHOD,BANK-17,0
TXN-000494,PRIJEM,60192.63,38577.47,POJISTNE,BANK-17,0
TXN-000495,VYDAJ,16488.92,16123.03,UDRZBA,BANK-13,0
TXN-000496,VYDAJ,55583.42,22779.07,UDRZBA,BANK-17,0
TXN-000497,VYBER,98247.93,3101.48,UDRZBA,BANK-04,0
TXN-000498,VYDAJ,96656.36,35661.56,SLUZBY,BANK-05,0
TXN-000499,VYDAJ,31596.11,36463.08,SLUZBY,BANK-14,0
TXN-000500,VYDAJ,66700.84,31029.39,SIPO,BANK-06,0
TXN-000501,PRIJEM,61124.89,30510.08,,BANK-14,0
TXN-000502,VYBER,79302.71,46725.97,SIPO,BANK-07,0
TXN-000503,VYDAJ,63464.01,11074.16,UVER,BANK-05,0
TXN-000504,VYDAJ,81884.8,43363.08,UROK,BANK-04,0
TXN-000505,PRIJEM,56600.48,46144.19,UVER,BANK-13,0
TXN-000506,VYBER,87402,2416.17,SANKC. UROK,BANK-13,0
TXN-000507,VYBER,34031.04,11170.74,SANKC. UROK,BANK-12,0
TXN-000508,VYDAJ,88276.24,7356.66,SIPO,BANK-01,0
TXN-000509,PRIJEM,70868.27,4853.69,UDRZBA,BANK-03,0
TXN-000510,PRIJEM,84141.19,19896.35,SANKC. UROK,BANK-02,0
TXN-000511,VYBER,17028.72,22750.4,POJISTNE,BANK-09,0
TXN-000512,VYBER,45420.59,48122.62,POJISTNE,BANK-01,0
TXN-000513,VYDAJ,56144.52,16479.87,POJISTNE,BANK-14,0
TXN-000514,PRIJEM,95807.73,48555.92,,BANK-14,0
TXN-000515,VYBER,67123.1,16872.73,SANKC. UROK,BANK-07,0
TXN-000516,VYBER,30199.21,35381.32,,BANK-05,0
TXN-000517,PRIJEM,69050.35,13292.81,UVER,BANK-10,0
TXN-000518,PRIJEM,44697.5,45362.37,UVER,BANK-16,0
TXN-000519,VYBER,29741.64,21957.87,SLUZBY,BANK-13,0
TXN-000520,VYBER,46452.12,10339.13,UDRZBA,BANK-04,0
TXN-000521,VYDAJ,70981.14,3431.22,POJISTNE,BANK-03,0
TXN-000522,VYBER,23870.92,36634.95,,BANK-19,0
TXN-000523,VYBER,71282.44,8029.9,SANKC. UROK,BANK-08,0
TXN-000524,PRIJEM,59227.18,25157.62,DUCHOD,BANK-08,0
TXN-000525,PRIJEM,60995.42,22562.37,SANKC. UROK,BANK-16,0
TXN-000526,VYBER,50779.51,18924.19,UDRZBA,BANK-03,0
TXN-000527,PRIJEM,31874.18,13719.98,UVER,BANK-12,0
TXN-000528,VYDAJ,42104.21,21485.71,SIPO,BANK-12,0
TXN-000529,VYBER,47181.97,45870.25,UROK,BANK-05,0
TXN-000530,VYDAJ,54054.09,11387.77,UROK,BANK-09,0
TXN-000531,VYDAJ,91907.46,15489.78,DUCHOD,BANK-13,0
TXN-000532,VYBER,184202.17,38743.55,SIPO,BANK-07,0
TXN-000533,VYBER,80103.05,730.31,POJISTNE,BANK-08,0
TXN-000534,PRIJEM,65357.47,29144.55,UDRZBA,BANK-06,0
TXN-000535,VYDAJ,47993.76,22874.31,SLUZBY,BANK-00,0
TXN-000536,VYDAJ,26988.93,16133.84,DUCHOD,BANK-18,0
TXN-000537,VYBER,10893.89,29237.01,SANKC. UROK,BANK-00,0
TXN-000538,VYDAJ,81156.11,27906.95,SLUZBY,BANK-02,0
TXN-000539,VYDAJ,53580.07,47578.59,POJISTNE,BANK-11,0
TXN-000540,VYBER,82557.56,13581.16,SANKC. UROK,BANK-05,0
TXN-000541,VYBER,56843.3,39342.5,DUCHOD,BANK-12,0
TXN-000542,VYBER,34749.33,22731.99,SLUZBY,BANK-15,0
TXN-000543,VYDAJ,62209.47,45727.11,POJISTNE,BANK-15,0
TXN-000544,VYBER,85970.29,31562.28,SIPO,BANK-12,0
TXN-000545,VYBER,91214.08,37141.19,DUCHOD,BANK-19,0
TXN-000546,VYDAJ,55380.97,31551.99,UROK,BANK-18,0
TXN-000547,VYDAJ,39434.01,45570.19,POJISTNE,BANK-18,0
TXN-000548,PRIJEM,282103.35,31832.43,DUCHOD,BANK-15,0
TXN-000549,VYDAJ,27900.12,27533.86,SIPO,BANK-04,0
TXN-000550,VYBER,27491.83,15270.31,POJISTNE,BANK-04,0
TXN-000551,VYDAJ,36124.38,35648.87,UDRZBA,BANK-04,0
TXN-000552,PRIJEM,64671.79,8658.56,UDRZBA,BANK-12,0
TXN-000553,VYBER,77291.48,11355.2,POJISTNE,BANK-03,0
TXN-000554,VYDAJ,37216.13,17036.64,SLUZBY,BANK-01,0
TXN-000555,VYBER,52117.72,25654.13,,BANK-16,0
TXN-000556,VYDAJ,19803.35,17580.43,SLUZBY,BANK-08,0
TXN-000557,PRIJEM,66280.49,37924.29,DUCHOD,BANK-10,0
TXN-000558,PRIJEM,31717.08,17527.94,,BANK-19,0
TXN-000559,VYBER,9828.16,13183.36,UROK,BANK-00,0
TXN-000560,VYBER,46170.54,12530.71,SANKC. UROK,BANK-19,0
TXN-000561,VYBER,80342.47,10560.98,UROK,BANK-01,0
TXN-000562,PRIJEM,73804.42,35522.11,,BANK-16,0
TXN-000563,VYDAJ,115586.36,10499.69,SIPO,BANK-07,0
TXN-000564,VYDAJ,45757.84,32716.42,,BANK-06,0
TXN-000565,VYDAJ,17026.52,40538.92,UVER,BANK-10,0
TXN-000566,PRIJEM,20181.57,48720.12,SIPO,BANK-19,0
TXN-000567,PRIJEM,82073.24,27103.04,DUCHOD,BANK-01,0
TXN-000568,PRIJEM,65083.45,28530.22,UVER,BANK-12,0
TXN-000569,PRIJEM,273953.85,22976.39,SANKC. UROK,BANK-00,0
TXN-000570,VYBER,12722.7,47606.06,SANKC. UROK,BANK-08,0
TXN-000571,VYBER,53209.54,14610.81,SIPO,BANK-10,0
TXN-000572,PRIJEM,51928.96,23029.1,SLUZBY,BANK-14,0
TXN-000573,PRIJEM,48934.31,16325.57,UROK,BANK-04,0
TXN-000574,PRIJEM,19364.74,26997.08,UROK,BANK-04,0
TXN-000575,PRIJEM,85174.76,33282.53,UVER,BANK-09,0
TXN-000576,VYBER,34399.94,32284,UROK,BANK-02,0
TXN-000577,VYBER,64328.75,9867.7,DUCHOD,BANK-09,0
TXN-000578,VYDAJ,49008.59,34499.76,UVER,BANK-04,0
TXN-000579,VYBER,39633.97,15296.84,SLUZBY,BANK-05,0
TXN-000580,PRIJEM,85425.09,23648.62,UROK,BANK-05,0
TXN-000581,PRIJEM,19499.7,49996.33,UDRZBA,BANK-00,0
TXN-000582,PRIJEM,20802.51,36749.84,UROK,BANK-10,0
TXN-000583,PRIJEM,57210.86,44683.33,SANKC. UROK,BANK-10,0
TXN-000584,PRIJEM,7601.83,998.48,SIPO,BANK-14,0
TXN-000585,VYDAJ,76735.47,14858.18,POJISTNE,BANK-06,0
TXN-000586,VYBER,162017.79,27083.37,SIPO,BANK-01,0
TXN-000587,VYBER,60257.45,31650.21,SLUZBY,BANK-15,0
TXN-000588,VYBER,95420.78,2731.51,SLUZBY,BANK-00,0
TXN-000589,PRIJEM,37126.53,46799.93,POJISTNE,BANK-19,0
TXN-000590,VYBER,75614.78,44716.24,UVER,BANK-07,0
TXN-000591,PRIJEM,82887.16,29555.76,POJISTNE,BANK-10,0
TXN-000592,VYBER,50362.54,37889.72,UDRZBA,BANK-10,0
TXN-000593,VYDAJ,46928.03,46775.36,SIPO,BANK-12,0
TXN-000594,PRIJEM,11606.77,40579.24,UVER,BANK-10,0
TXN-000595,VYBER,18915.36,13831.73,UVER,BANK-02,0
TXN-000596,VYBER,711.09,39259.93,,BANK-10,0
TXN-000597,VYBER,30674.3,43343.63,UVER,BANK-10,0
TXN-000598,VYDAJ,43606.03,44992.38,DUCHOD,BANK-03,0
TXN-000599,PRIJEM,38949.12,37572.6,UDRZBA,BANK-15,0
TXN-000600,VYBER,53977.64,32265.88,SLUZBY,BANK-02,0
TXN-000601,PRIJEM,26236.34,10447.74,DUCHOD,BANK-10,0
TXN-000602,PRIJEM,77880.11,8940.45,,BANK-13,0
TXN-000603,PRIJEM,37343.15,30623.64,SLUZBY,BANK-17,0
TXN-000604,VYBER,20756.36,30225.2,,BANK-10,0
TXN-000605,VYDAJ,40576.34,22634.01,DUCHOD,BANK-01,0
TXN-000606,PRIJEM,52887.85,29561.64,SANKC. UROK,BANK-19,0
TXN-000607,VYBER,54400.79,6420.18,SIPO,BANK-03,0
TXN-000608,VYDAJ,275478.77,34698.47,SANKC. UROK,BANK-09,0
TXN-000609,PRIJEM,42949.22,49271.65,UDRZBA,BANK-16,0
TXN-000610,VYBER,60557.25,45374.52,SLUZBY,BANK-05,0
TXN-000611,VYBER,85058.11,1025.52,UVER,BANK-17,0
TXN-000612,VYDAJ,54880.78,39428.1,POJISTNE,BANK-11,0
TXN-000613,VYDAJ,67242.76,2001.84,UVER,BANK-08,0
TXN-000614,VYDAJ,91322.27,28504.64,DUCHOD,BANK-16,0
TXN-000615,PRIJEM,94091.57,35792.96,SANKC. UROK,BANK-00,0
TXN-000616,PRIJEM,66288.74,22.93,UROK,BANK-07,0
TXN-000617,PRIJEM,59973.43,4426.41,SANKC. UROK,BANK-16,0
TXN-000618,VYDAJ,86591.4,11364.39,UVER,BANK-04,0
TXN-000619,VYBER,54178.63,12044.9,UDRZBA,BANK-19,0
TXN-000620,PRIJEM,68032.67,19813.58,SIPO,BANK-01,0
TXN-000621,PRIJEM,90222.05,43422.29,,BANK-17,0
TXN-000622,VYBER,23678.83,15302.07,UROK,BANK-12,0
TXN-000623,VYBER,10446.71,3172.98,SIPO,BANK-01,0
TXN-000624,VYDAJ,79621.24,763.64,SIPO,BANK-01,0
TXN-000625,VYDAJ,41269.02,17228.47,POJISTNE,BANK-11,0
TXN-000626,VYDAJ,96142.78,3768.68,POJISTNE,BANK-09,0
TXN-000627,VYDAJ,42756.09,16180.03,POJISTNE,BANK-09,0
TXN-000628,PRIJEM,89421.35,48820.22,UROK,BANK-09,0
TXN-000629,PRIJEM,44766.83,42846.37,UVER,BANK-17,0
TXN-000630,VYBER,34896.61,246.66,POJISTNE,BANK-01,0
TXN-000631,VYBER,96399.22,27632.14,DUCHOD,BANK-08,0
TXN-000632,PRIJEM,59380.17,139.42,SLUZBY,BANK-19,0
TXN-000633,PRIJEM,67794.18,32186.92,UROK,BANK-15,0
TXN-000634,PRIJEM,70870.92,15735.86,UDRZBA,BANK-17,0
TXN-000635,PRIJEM,23506.24,24811.7,UDRZBA,BANK-05,0
TXN-000636,PRIJEM,3862.36,46823.14,SANKC. UROK,BANK-07,0
TXN-000637,VYDAJ,50055.49,42426.15,UDRZBA,BANK-12,0
TXN-000638,VYDAJ,66767.2,11595.92,UVER,BANK-11,0
TXN-000639,VYBER,26961.28,5579.92,SLUZBY,BANK-05,0
TXN-000640,PRIJEM,32089.06,7229.43,POJISTNE,BANK-18,0
TXN-000641,PRIJEM,51931.12,27762.65,SLUZBY,BANK-16,0
TXN-000642,VYBER,50293.39,39908.94,UROK,BANK-15,0
TXN-000643,VYDAJ,23733.69,24221.78,UVER,BANK-17,0
TXN-000644,VYBER,66409.12,37537.52,UDRZBA,BANK-06,0
TXN-000645,PRIJEM,64454.94,30854.47,UDRZBA,BANK-19,0
TXN-000646,VYBER,69219.17,12380.02,UVER,BANK-07,0
TXN-000647,PRIJEM,11322.84,37297.08,DUCHOD,BANK-09,0
TXN-000648,VYDAJ,65370.92,27322.13,POJISTNE,BANK-16,0
TXN-000649,VYDAJ,63125.69,38544.85,POJISTNE,BANK-11,0
TXN-000650,VYBER,1060.52,9384.94,SLUZBY,BANK-05,0
TXN-000651,VYBER,90870.47,5643.53,UDRZBA,BANK-18,0
TXN-000652,PRIJEM,199838.1,41386.09,DUCHOD,BANK-12,0
TXN-000653,VYBER,36886.18,6352.53,,BANK-00,0
TXN-000654,VYBER,54860.54,43385.62,,BANK-08,0
TXN-000655,PRIJEM,6169.04,26654.52,POJISTNE,BANK-02,0
TXN-000656,VYDAJ,43746.17,28088.27,SANKC. UROK,BANK-07,0
TXN-000657,VYBER,85875.77,15450.26,SIPO,BANK-01,0
TXN-000658,VYBER,31923.98,10783.1,,BANK-02,0
TXN-000659,VYDAJ,30396.26,36029.56,POJISTNE,BANK-00,0
TXN-000660,PRIJEM,99027.36,3473.05,SANKC. UROK,BANK-12,0
TXN-000661,VYBER,68701.21,28034.96,,BANK-02,0
TXN-000662,VYBER,52984.05,42423.26,SANKC. UROK,BANK-11,0
TXN-000663,PRIJEM,77835.06,10021.04,UROK,BANK-04,0
TXN-000664,VYDAJ,77727.9,27168.4,UROK,BANK-13,0
TXN-000665,VYDAJ,73230.92,28527.09,SIPO,BANK-08,0
TXN-000666,PRIJEM,281038.35,2223.04,SIPO,BANK-12,0
TXN-000667,VYDAJ,185118.17,18503.76,SANKC. UROK,BANK-00,0
TXN-000668,VYDAJ,41886.98,32106.29,UROK,BANK-08,0
TXN-000669,VYBER,36509.7,28366.01,SANKC. UROK,BANK-08,0
TXN-000670,VYDAJ,33474.71,39208.49,SLUZBY,BANK-11,0
TXN-000671,VYDAJ,60305.46,45421.48,DUCHOD,BANK-08,0
TXN-000672,VYDAJ,32792.29,29202.89,,BANK-11,0
TXN-000673,PRIJEM,23753.7,28913.95,UDRZBA,BANK-09,0
TXN-000674,VYBER,18335.44,24676.34,UDRZBA,BANK-17,0
TXN-000675,PRIJEM,20373.06,17149.32,SLUZBY,BANK-09,0
TXN-000676,PRIJEM,14182.44,46924.44,,BANK-11,0
TXN-000677,VYBER,92164.58,6099.64,,BANK-09,0
TXN-000678,VYDAJ,38529.25,36702.05,UROK,BANK-02,0
TXN-000679,PRIJEM,51771.24,10922.5,UROK,BANK-16,0
TXN-000680,VYDAJ,69855.74,10414.18,POJISTNE,BANK-04,0
TXN-000681,VYDAJ,86459.49,31370.72,UVER,BANK-18,0
TXN-000682,VYDAJ,31596.37,5687.56,UDRZBA,BANK-08,0
TXN-000683,VYBER,45312.05,16283.36,UVER,BANK-16,0
TXN-000684,VYBER,25347.25,42772.51,SLUZBY,BANK-11,0
TXN-000685,VYBER,90762.52,19376.64,,BANK-07,0
TXN-000686,PRIJEM,47375.53,36218.65,,BANK-12,0
TXN-000687,PRIJEM,38694.07,13405.28,UROK,BANK-12,0
TXN-000688,VYDAJ,17333.97,26732.38,UVER,BANK-00,0
TXN-000689,VYBER,75681.46,35468.52,,BANK-04,0
TXN-000690,VYDAJ,74593.03,17519.9,SLUZBY,BANK-09,0
TXN-000691,VYDAJ,53071.78,16084.86,UVER,BANK-12,0
TXN-000692,PRIJEM,21716.29,1685.64,DUCHOD,BANK-07,0
TXN-000693,VYBER,39974.41,6439.16,SIPO,BANK-18,0
TXN-000694,VYDAJ,32804.59,17682.7,SIPO,BANK-08,0
TXN-000695,VYDAJ,47026.96,36736.79,SIPO,BANK-08,0
TXN-000696,VYDAJ,48092.88,17294.17,DUCHOD,BANK-11,0
TXN-000697,VYBER,45124.78,907.21,SANKC. UROK,BANK-02,0
TXN-000698,VYDAJ,30101.25,15023.54,SLUZBY,BANK-12,0
TXN-000699,PRIJEM,98819.38,783.4,UDRZBA,BANK-05,0
TXN-000700,VYBER,22448.1,15840.18,SLUZBY,BANK-02,0
TXN-000701,PRIJEM,53503.87,30624.41,,BANK-14,0
TXN-000702,VYBER,248787.51,20739.44,POJISTNE,BANK-02,0
TXN-000703,PRIJEM,9581.42,3281.93,SIPO,BANK-04,0
TXN-000704,PRIJEM,14373.61,49095.77,UDRZBA,BANK-13,0
TXN-000705,PRIJEM,16730.12,9426.5,SIPO,BANK-09,0
TXN-000706,VYDAJ,71194.7,39606.41,SLUZBY,BANK-05,0
TXN-000707,PRIJEM,19461.57,18987.94,,BANK-02,0
TXN-000708,PRIJEM,32820.49,4273.17,UVER,BANK-00,0
TXN-000709,PRIJEM,66912.85,30819.86,UROK,BANK-14,0
TXN-000710,VYBER,3339.11,9677.68,SIPO,BANK-06,0
TXN-000711,VYDAJ,20487.21,26113.25,POJISTNE,BANK-03,0
TXN-000712,VYBER,1446.58,10800.98,,BANK-10,0
TXN-000713,VYDAJ,74296.91,11297.44,SLUZBY,BANK-09,0
TXN-000714,VYDAJ,71808.67,32264.62,UROK,BANK-14,0
TXN-000715,PRIJEM,28780.82,4543.52,SIPO,BANK-04,0
TXN-000716,VYBER,5059.93,709,,BANK-09,0
TXN-000717,VYBER,74579.26,12309.71,POJISTNE,BANK-05,0
TXN-000718,PRIJEM,71925.81,17941.88,UVER,BANK-03,0
TXN-000719,VYDAJ,36391.42,32579.26,UDRZBA,BANK-17,0
TXN-000720,VYDAJ,98084.67,24350.95,SLUZBY,BANK-06,0
TXN-000721,PRIJEM,3303.65,47330.79,UDRZBA,BANK-06,0
TXN-000722,PRIJEM,96199.31,48359.26,UDRZBA,BANK-08,0
TXN-000723,PRIJEM,13883.45,6955.55,,BANK-06,0
TXN-000724,VYBER,75774.04,44123.94,,BANK-08,0
TXN-000725,VYBER,11235.37,39821.2,SANKC. UROK,BANK-09,0
TXN-000726,PRIJEM,53344.43,29062.22,,BANK-13,0
TXN-000727,PRIJEM,93484.07,34493.28,SLUZBY,BANK-07,0
TXN-000728,VYDAJ,50336.73,12249.24,UROK,BANK-08,0
TXN-000729,VYDAJ,75972.17,36624.37,DUCHOD,BANK-14,0
TXN-000730,PRIJEM,14208.65,7363.54,SIPO,BANK-01,0
TXN-000731,VYBER,69730.11,9322.84,UVER,BANK-02,0
TXN-000732,VYBER,12387.18,2880.87,UROK,BANK-13,0
TXN-000733,VYDAJ,69384.18,48497.64,DUCHOD,BANK-06,0
TXN-000734,PRIJEM,6472.55,32769.56,UVER,BANK-13,0
TXN-000735,VYDAJ,53758.08,47508.45,SIPO,BANK-19,0
TXN-000736,PRIJEM,66184.92,46360.47,POJISTNE,BANK-01,0
TXN-000737,PRIJEM,33530.48,4798.14,SLUZBY,BANK-13,0
TXN-000738,VYDAJ,21390.12,39806.35,POJISTNE,BANK-13,0
TXN-000739,VYDAJ,81808.27,5277.61,SLUZBY,BANK-07,0
TXN-000740,VYBER,100235.31,42533.44,UROK,BANK-06,0
TXN-000741,PRIJEM,54039.21,23387.49,POJISTNE,BANK-19,0
TXN-000742,VYBER,37850.72,20541.63,UVER,BANK-00,0
TXN-000743,VYBER,87090.1,13656.62,DUCHOD,BANK-17,0
TXN-000744,VYBER,74069.89,20919.91,SLUZBY,BANK-11,0
TXN-000745,PRIJEM,94716.66,26141.04,SLUZBY,BANK-00,0
TXN-000746,PRIJEM,56786.67,8760.22,UVER,BANK-08,0
TXN-000747,PRIJEM,8643.32,1050.08,DUCHOD,BANK-15,0
TXN-000748,VYBER,48856.66,41888.69,SLUZBY,BANK-18,0
TXN-000749,VYBER,67645.35,17752.69,,BANK-19,0
TXN-000750,PRIJEM,80999.67,26506.02,DUCHOD,BANK-11,0
TXN-000751,VYDAJ,51924.6,47956.58,UROK,BANK-19,0
TXN-000752,VYDAJ,9391.88,48360.44,UVER,BANK-07,0
TXN-000753,PRIJEM,10153.34,44822.7,POJISTNE,BANK-16,0
TXN-000754,VYBER,82894.49,32121.65,DUCHOD,BANK-19,0
TXN-000755,VYDAJ,90039.69,20862.4,,BANK-16,0
TXN-000756,VYBER,41858.96,6784.84,,BANK-11,0
TXN-000757,VYDAJ,29921.66,38970.61,SIPO,BANK-18,0
TXN-000758,PRIJEM,78004.22,159.24,UVER,BANK-07,0
TXN-000759,PRIJEM,70493.14,3845.92,DUCHOD,BANK-07,0
TXN-000760,VYDAJ,11687.02,31678.87,SLUZBY,BANK-03,0
TXN-000761,VYBER,75069.96,4012.53,POJISTNE,BANK-02,0
TXN-000762,VYDAJ,98800.89,12263.37,DUCHOD,BANK-04,0
TXN-000763,VYDAJ,77672.16,39818.95,UDRZBA,BANK-15,0
TXN-000764,PRIJEM,51403.87,11443.79,SANKC. UROK,BANK-07,0
TXN-000765,VYDAJ,8605.33,31938.53,DUCHOD,BANK-01,0
TXN-000766,VYDAJ,94006.38,39405.94,SANKC. UROK,BANK-16,0
TXN-000767,PRIJEM,18826.87,24367.45,SANKC. UROK,BANK-13,0
TXN-000768,VYBER,62666.58,31542.43,POJISTNE,BANK-17,0
TXN-000769,VYBER,97334.97,26305.36,DUCHOD,BANK-00,0
TXN-000770,PRIJEM,75101.97,39060.51,UDRZBA,BANK-06,0
TXN-000771,PRIJEM,15961.69,14702.4,UVER,BANK-02,0
TXN-000772,VYDAJ,37085.08,48350.92,SLUZBY,BANK-15,0
TXN-000773,VYBER,6903.73,37594.21,SIPO,BANK-08,0
TXN-000774,PRIJEM,53442.66,38635.25,UDRZBA,BANK-00,0
TXN-000775,VYDAJ,81207.57,7951.34,SIPO,BANK-07,0
TXN-000776,VYBER,83289.79,30333.36,,BANK-17,0
TXN-000777,VYBER,82630.52,33181.81,UVER,BANK-08,0
TXN-000778,VYDAJ,4604.51,18459.48,UROK,BANK-04,0
TXN-000779,VYBER,57250.81,46015.03,UROK,BANK-01,0
TXN-000780,VYDAJ,1598.11,24556,SANKC. UROK,BANK-12,0
TXN-000781,VYBER,60806.39,2346.55,UDRZBA,BANK-05,0
TXN-000782,PRIJEM,83591.87,39587,SIPO,BANK-07,0
TXN-000783,PRIJEM,67392.36,10685.03,SIPO,BANK-10,0
TXN-000784,VYDAJ,38119.01,9002.75,SIPO,BANK-18,0
TXN-000785,PRIJEM,33217.94,44240.12,DUCHOD,BANK-13,0
TXN-000786,PRIJEM,32549.05,39327.92,POJISTNE,BANK-04,0
TXN-000787,VYBER,40037.31,627.51,SIPO,BANK-17,0
TXN-000788,VYBER,33520.49,40232.55,UDRZBA,BANK-03,0
TXN-000789,PRIJEM,83426.33,16773.4,UDRZBA,BANK-10,0
TXN-000790,PRIJEM,12880.68,35277.22,UROK,BANK-17,0
TXN-000791,PRIJEM,72820.23,22559.63,UROK,BANK-06,0
TXN-000792,PRIJEM,68892.17,6108.82,DUCHOD,BANK-17,0
TXN-000793,VYBER,49924.28,37530.06,SANKC. UROK,BANK-14,0
TXN-000794,PRIJEM,40720.17,23951.03,DUCHOD,BANK-00,0
TXN-000795,PRIJEM,56603.03,19919.85,,BANK-06,0
TXN-000796,PRIJEM,82365.67,9437.1,UDRZBA,BANK-06,0
TXN-000797,PRIJEM,93229.09,22794.92,POJISTNE,BANK-06,0
TXN-000798,VYDAJ,24890.85,41904.43,SLUZBY,BANK-14,0
TXN-000799,VYBER,91318.86,34731.27,UROK,BANK-00,0
TXN-000800,VYDAJ,98135.02,31907.33,SIPO,BANK-10,0
TXN-000801,VYDAJ,67946.8,9405.22,UROK,BANK-19,0
TXN-000802,VYDAJ,87869.89,9881.64,DUCHOD,BANK-08,0
TXN-000803,PRIJEM,50860.22,49727.8,SLUZBY,BANK-01,0
TXN-000804,VYDAJ,34378.6,18429.22,,BANK-04,0
TXN-000805,PRIJEM,17484.73,1577.27,UVER,BANK-19,0
TXN-000806,PRIJEM,40824.6,43103.28,,BANK-08,0
TXN-000807,PRIJEM,80453.18,49744.36,UROK,BANK-10,0
TXN-000808,PRIJEM,9253.67,23997.66,UVER,BANK-17,0
TXN-000809,PRIJEM,34799.44,24793.36,SLUZBY,BANK-14,0
TXN-000810,PRIJEM,31008.43,30563.3,SANKC. UROK,BANK-18,0
TXN-000811,VYDAJ,82587.85,22147.77,UVER,BANK-19,0
TXN-000812,VYDAJ,180789.92,48805.2,SANKC. UROK,BANK-09,0
TXN-000813,PRIJEM,10545.46,43568.77,POJISTNE,BANK-08,0
TXN-000814,VYBER,19707.51,47805.9,SLUZBY,BANK-07,0
TXN-000815,PRIJEM,45802.7,18337.22,SLUZBY,BANK-00,0
TXN-000816,VYDAJ,23512.35,14964.87,UVER,BANK-16,0
TXN-000817,VYDAJ,42332.57,25572.51,SANKC. UROK,BANK-09,0
TXN-000818,VYDAJ,44762.33,46884.92,POJISTNE,BANK-17,0
TXN-000819,VYBER,34640.22,11712.29,UVER,BANK-04,0
TXN-000820,PRIJEM,46032.54,6218.37,DUCHOD,BANK-18,0
TXN-000821,PRIJEM,7745.13,11225.35,SANKC. UROK,BANK-10,0
TXN-000822,VYBER,53571.19,9969.57,,BANK-12,0
TXN-000823,VYBER,66102.75,6295.84,DUCHOD,BANK-17,0
TXN-000824,PRIJEM,58138.2,46851.03,POJISTNE,BANK-11,0
TXN-000825,VYDAJ,43269.3,44738.48,SLUZBY,BANK-14,0
TXN-000826,VYDAJ,95858.96,29247.68,SIPO,BANK-17,0
TXN-000827,PRIJEM,89123.73,46030.97,,BANK-02,0
TXN-000828,PRIJEM,18585.49,25763.96,POJISTNE,BANK-04,0
TXN-000829,PRIJEM,88807.42,38050.42,SANKC. UROK,BANK-13,0
TXN-000830,VYBER,20705.63,8189.66,UDRZBA,BANK-08,0
TXN-000831,VYBER,40427.8,44243.63,UROK,BANK-08,0
TXN-000832,PRIJEM,65030.34,22294.79,UDRZBA,BANK-05,0
TXN-000833,VYDAJ,5180.79,36164.53,UVER,BANK-04,0
TXN-000834,VYBER,93288.96,47486.68,SLUZBY,BANK-13,0
TXN-000835,VYDAJ,21128.97,40105.37,SIPO,BANK-08,0
TXN-000836,PRIJEM,65789.75,7352.38,SLUZBY,BANK-09,0
TXN-000837,VYBER,88810.82,18462.38,UDRZBA,BANK-16,0
TXN-000838,PRIJEM,70397.73,48393.76,UROK,BANK-07,0
TXN-000839,VYDAJ,15476.47,33662.23,SLUZBY,BANK-00,0
TXN-000840,VYBER,17855.75,37953.36,UROK,BANK-16,0
TXN-000841,VYBER,70369.68,2891.61,POJISTNE,BANK-09,0
TXN-000842,VYDAJ,98518.62,41746.53,,BANK-16,0
TXN-000843,VYBER,18300.83,10577.78,DUCHOD,BANK-05,0
TXN-000844,VYBER,45795.11,3737.49,UDRZBA,BANK-13,0
TXN-000845,VYBER,8930.89,35617.12,UDRZBA,BANK-06,0
TXN-000846,VYBER,73997.6,6064.18,UROK,BANK-11,0
TXN-000847,VYBER,59643.14,15234.58,,BANK-00,0
TXN-000848,VYBER,38132.41,12520.85,POJISTNE,BANK-05,0
TXN-000849,VYDAJ,87771.49,19954.96,SANKC. UROK,BANK-18,0
TXN-000850,VYDAJ,20752.32,18819.7,SLUZBY,BANK-02,0
TXN-000851,VYDAJ,95572.03,27567.05,SIPO,BANK-01,0
TXN-000852,PRIJEM,52566.68,25463.29,DUCHOD,BANK-05,0
TXN-000853,PRIJEM,82546.01,2559.47,,BANK-00,0
TXN-000854,VYBER,16119.66,38416.98,SANKC. UROK,BANK-04,0
TXN-000855,PRIJEM,4930.21,42194.8,UVER,BANK-03,0
TXN-000856,VYBER,29876.26,9438.94,UVER,BANK-16,0
TXN-000857,VYBER,51766.88,29654.84,SLUZBY,BANK-02,0
TXN-000858,PRIJEM,16249.31,43173.12,UDRZBA,BANK-04,0
TXN-000859,VYBER,631.74,43889.05,UROK,BANK-17,0
TXN-000860,VYBER,73359.07,25998.06,DUCHOD,BANK-09,0
TXN-000861,VYDAJ,83822.88,9862.42,UDRZBA,BANK-05,0
TXN-000862,VYDAJ,42998.84,44333.12,DUCHOD,BANK-17,0
TXN-000863,VYBER,91969.6,33164.92,UDRZBA,BANK-01,0
TXN-000864,VYBER,29025.11,23415.32,,BANK-00,0
TXN-000865,PRIJEM,11862.73,16824.01,UDRZBA,BANK-01,0
TXN-000866,VYBER,34704.75,17570.22,SANKC. UROK,BANK-02,0
TXN-000867,VYDAJ,61379.72,20758.08,UDRZBA,BANK-14,0
TXN-000868,VYDAJ,66206.22,21897.32,,BANK-14,0
TXN-000869,VYDAJ,64670.08,34143.16,,BANK-18,0
TXN-000870,VYBER,58926.53,3246.75,SIPO,BANK-04,0
TXN-000871,VYDAJ,41579.95,47363.34,POJISTNE,BANK-04,0
TXN-000872,VYBER,69784.73,10278.65,POJISTNE,BANK-06,0
TXN-000873,VYBER,95505.64,27936.18,SANKC. UROK,BANK-04,0
TXN-000874,VYDAJ,86170.34,22497.77,SIPO,BANK-05,0
TXN-000875,VYDAJ,75747.16,11927.29,SLUZBY,BANK-10,0
TXN-000876,VYDAJ,24757.57,22130.96,DUCHOD,BANK-08,0
TXN-000877,PRIJEM,11115.92,20425.58,DUCHOD,BANK-05,0
TXN-000878,VYBER,92895.23,6304.68,SIPO,BANK-00,0
TXN-000879,VYDAJ,52313.26,21489.35,POJISTNE,BANK-07,0
TXN-000880,PRIJEM,152499.58,1662.9,UDRZBA,BANK-13,0
TXN-000881,VYDAJ,2985.8,9746.28,SANKC. UROK,BANK-16,0
TXN-000882,VYBER,15595.27,4185.53,UROK,BANK-14,0
TXN-000883,PRIJEM,50790.17,41055.62,POJISTNE,BANK-09,0
TXN-000884,VYBER,41754.2,22882.63,UVER,BANK-11,0
TXN-000885,VYBER,60632.78,11157.43,POJISTNE,BANK-16,0
TXN-000886,VYDAJ,72685.13,26573.97,,BANK-04,0
TXN-000887,VYBER,1629.88,23429.3,UVER,BANK-18,0
TXN-000888,VYDAJ,10746.63,19684.36,SLUZBY,BANK-12,0
TXN-000889,VYBER,77459.73,39460.15,SIPO,BANK-07,0
TXN-000890,PRIJEM,45264.89,15519.28,DUCHOD,BANK-17,0
TXN-000891,VYDAJ,26177.97,26292.99,DUCHOD,BANK-14,0
TXN-000892,VYBER,2068.48,4336.61,,BANK-13,0
TXN-000893,VYDAJ,56913.38,9692.17,UVER,BANK-04,0
TXN-000894,VYBER,69106.13,32549.79,UDRZBA,BANK-16,0
TXN-000895,VYDAJ,22473.98,4598.7,,BANK-04,0
TXN-000896,PRIJEM,79425.75,2307.37,UROK,BANK-19,0
TXN-000897,VYDAJ,126519.38,28104.76,SANKC. UROK,BANK-11,0
TXN-000898,PRIJEM,54874.39,20248.65,UDRZBA,BANK-18,0
TXN-000899,VYBER,30928.84,38060.19,,BANK-04,0
TXN-000900,VYDAJ,83063.18,29365.52,UDRZBA,BANK-15,0
TXN-000901,VYDAJ,77042.26,40117.12,SIPO,BANK-14,0
TXN-000902,VYDAJ,35619.94,3357.49,UROK,BANK-01,0
TXN-000903,VYBER,51430.79,11637.12,SANKC. UROK,BANK-15,0
TXN-000904,VYDAJ,72113.86,27647.55,DUCHOD,BANK-17,0
TXN-000905,VYDAJ,170369.73,30716.49,UROK,BANK-09,0
TXN-000906,VYDAJ,91125.63,16238.66,SIPO,BANK-02,0
TXN-000907,PRIJEM,85711.49,37172.3,SANKC. UROK,BANK-18,0
TXN-000908,PRIJEM,65689.93,25777.74,,BANK-17,0
TXN-000909,PRIJEM,87079.63,2357.37,,BANK-10,0
TXN-000910,VYDAJ,94587.85,27509.08,POJISTNE,BANK-18,0
TXN-000911,PRIJEM,13173.51,40715.71,POJISTNE,BANK-03,0
TXN-000912,PRIJEM,94101.2,45188.59,DUCHOD,BANK-12,0
TXN-000913,VYBER,32298.44,20090.61,UROK,BANK-07,0
TXN-000914,VYBER,10307.88,15762.45,DUCHOD,BANK-00,0
TXN-000915,PRIJEM,40227.93,47218.92,SANKC. UROK,BANK-01,0
TXN-000916,PRIJEM,15679.99,19032.01,SIPO,BANK-06,0
TXN-000917,PRIJEM,4718.3,25415.02,,BANK-10,0
TXN-000918,VYBER,37567.05,32519.96,DUCHOD,BANK-16,0
TXN-000919,VYDAJ,32774.02,25305.92,UDRZBA,BANK-05,0
TXN-000920,PRIJEM,59756.78,43947.61,,BANK-10,0
TXN-000921,PRIJEM,88054.68,4046.3,SLUZBY,BANK-08,0
TXN-000922,VYBER,34704.95,37639.91,SANKC. UROK,BANK-16,0
TXN-000923,VYDAJ,90188.87,33879.94,UVER,BANK-06,0
TXN-000924,PRIJEM,32117.12,6235.12,UVER,BANK-00,0
TXN-000925,VYDAJ,11062.18,46322.01,DUCHOD,BANK-01,0
TXN-000926,PRIJEM,39872.97,22773.93,DUCHOD,BANK-11,0
TXN-000927,VYBER,66634.28,32300.3,POJISTNE,BANK-15,0
TXN-000928,VYDAJ,58280.25,22171.2,SLUZBY,BANK-11,0
TXN-000929,VYDAJ,58755.27,18364.31,POJISTNE,BANK-08,0
TXN-000930,VYBER,23587.33,15048.04,DUCHOD,BANK-03,0
TXN-000931,VYBER,15295.98,11025.43,SIPO,BANK-14,0
TXN-000932,VYBER,32008.8,9963.1,UROK,BANK-12,0
TXN-000933,VYDAJ,96717.11,41798.02,,BANK-16,0
TXN-000934,VYBER,65735.88,20399.34,SLUZBY,BANK-17,0
TXN-000935,VYDAJ,28362.07,43276.45,SANKC. UROK,BANK-06,0
TXN-000936,VYDAJ,32107.06,30334.97,POJISTNE,BANK-12,0
TXN-000937,VYBER,24229.64,37655.06,,BANK-05,0
TXN-000938,PRIJEM,98394.82,1720.85,SIPO,BANK-04,0
TXN-000939,PRIJEM,82404.27,35431.06,SANKC. UROK,BANK-07,0
TXN-000940,PRIJEM,95871,7142.55,SIPO,BANK-10,0
TXN-000941,PRIJEM,89319.61,17620.04,SIPO,BANK-07,0
TXN-000942,VYBER,86199,31242.17,SLUZBY,BANK-03,0
TXN-000943,VYDAJ,71976.86,8861.3,UVER,BANK-13,0
TXN-000944,VYDAJ,57453.45,49210.67,DUCHOD,BANK-03,0
TXN-000945,PRIJEM,78404.26,43319.91,UROK,BANK-03,0
TXN-000946,VYBER,291488.34,15675.69,SANKC. UROK,BANK-08,0
TXN-000947,VYBER,30906.51,5141,DUCHOD,BANK-14,0
TXN-000948,VYBER,92349.46,29053.97,POJISTNE,BANK-05,0
TXN-000949,PRIJEM,29485.54,21231.48,SANKC. UROK,BANK-12,0
TXN-000950,VYBER,74164.02,17950.55,DUCHOD,BANK-04,0
TXN-000951,PRIJEM,95411.44,25990.1,SLUZBY,BANK-18,0
TXN-000952,PRIJEM,90886.8,47712.73,DUCHOD,BANK-01,0
TXN-000953,VYBER,87108.1,383.87,SIPO,BANK-10,0
TXN-000954,VYBER,32457.25,41204.33,DUCHOD,BANK-13,0
TXN-000955,PRIJEM,64166.84,7335.58,UVER,BANK-18,0
TXN-000956,VYDAJ,81022.95,8628.34,UDRZBA,BANK-17,0
TXN-000957,PRIJEM,78958.88,40054.49,UVER,BANK-10,0
TXN-000958,PRIJEM,6130.11,27374.57,UVER,BANK-07,0
TXN-000959,PRIJEM,56412.92,41769,SIPO,BANK-08,0
TXN-000960,PRIJEM,96601.11,1296.5,POJISTNE,BANK-16,0
TXN-000961,PRIJEM,42618.2,2209.94,SIPO,BANK-02,0
TXN-000962,PRIJEM,8209.16,14308.8,POJISTNE,BANK-02,0
TXN-000963,VYDAJ,75888.91,36416.8,DUCHOD,BANK-03,0
TXN-000964,PRIJEM,125870.94,45758.8,SLUZBY,BANK-17,0
TXN-000965,PRIJEM,97533.05,35224.58,UDRZBA,BANK-03,0
TXN-000966,PRIJEM,14812.78,12592.29,SANKC. UROK,BANK-02,0
TXN-000967,VYDAJ,64787.03,25049.36,UDRZBA,BANK-09,0
TXN-000968,VYBER,97910,1010.09,SLUZBY,BANK-02,0
TXN-000969,VYDAJ,60672.09,22860.45,,BANK-04,0
TXN-000970,PRIJEM,79887.54,41698.64,DUCHOD,BANK-02,0
TXN-000971,PRIJEM,7400.44,38318.2,POJISTNE,BANK-15,0
TXN-000972,VYBER,228055.56,5496.98,POJISTNE,BANK-02,0
TXN-000973,VYBER,53182.24,41947.48,SANKC. UROK,BANK-07,0
TXN-000974,VYBER,27526.57,33553.6,POJISTNE,BANK-12,0
TXN-000975,VYDAJ,43449.91,9110.22,,BANK-17,0
TXN-000976,VYBER,4849.37,6056.55,DUCHOD,BANK-00,0
TXN-000977,PRIJEM,89473.74,54.84,DUCHOD,BANK-04,0
TXN-000978,PRIJEM,89286.96,46554.92,SANKC. UROK,BANK-00,0
TXN-000979,PRIJEM,25287,49181.29,UDRZBA,BANK-09,0
TXN-000980,VYBER,81678.07,42904.58,,BANK-15,0
TXN-000981,VYDAJ,71874.36,47292.52,UDRZBA,BANK-13,0
TXN-000982,PRIJEM,18499.35,37244.54,POJISTNE,BANK-17,0
TXN-000983,VYDAJ,50042.75,37431.08,SLUZBY,BANK-08,0
TXN-000984,VYDAJ,59283.93,49059.65,SLUZBY,BANK-08,0
TXN-000985,PRIJEM,20190.63,36193.25,POJISTNE,BANK-11,0
TXN-000986,PRIJEM,14493.63,43163.41,SANKC. UROK,BANK-03,0
TXN-000987,VYBER,92514.7,1927.04,,BANK-02,0
TXN-000988,PRIJEM,87935,47141.55,SANKC. UROK,BANK-05,0
TXN-000989,VYDAJ,28735.86,37888.52,DUCHOD,BANK-18,0
TXN-000990,VYDAJ,25782.37,31071.19,SLUZBY,BANK-00,0
TXN-000991,VYBER,35031.76,30824.66,POJISTNE,BANK-02,0
TXN-000992,VYDAJ,11140.71,3300.4,UVER,BANK-17,0
TXN-000993,VYBER,93654.02,29676.45,,BANK-04,0
TXN-000994,VYDAJ,17145.68,14880.25,UDRZBA,BANK-17,0
TXN-000995,PRIJEM,44253.05,39292.17,,BANK-05,0
TXN-000996,VYBER,71426.55,1249.02,DUCHOD,BANK-08,0
TXN-000997,PRIJEM,69693.15,47585.48,UROK,BANK-17,0
TXN-000998,VYDAJ,61624.45,44502.34,POJISTNE,BANK-03,0
TXN-000999,PRIJEM,95237.46,29596.34,UDRZBA,BANK-01,0
TXN-001000,PRIJEM,95798.21,25160.15,,BANK-16,0
