id,vendor,amount,po_id,label
INV-0001,Shell Co,194927.24,PO-2026-0001,1
INV-0002,Hooli,8203.77,PO-2026-0002,0
INV-0003,Offshore Vendor,86526.43,PO-2026-0003,1
INV-0004,Umbrella,12822.13,PO-2026-0004,0
INV-0005,Shell Co,25965.19,PO-MISMATCH-0005,1
INV-0006,Umbrella,39357.54,PO-2026-0006,0
INV-0007,Shell Co,125984.79,PO-2026-0007,1
INV-0008,Stark Inc,36662.62,PO-2026-0008,0
INV-0009,Offshore Vendor,12570.06,PO-2026-0009,1
INV-0010,Initech,2240.54,PO-2026-0010,0
INV-0011,Cash-Only,206504.22,PO-2026-0011,1
INV-0012,Globex,28450.73,PO-2026-0012,0
INV-0013,Cash-Only,45199.77,PO-MISMATCH-0013,1
INV-0014,Umbrella,17154.67,PO-2026-0014,0
INV-0015,Offshore Vendor,34599.29,PO-MISMATCH-0015,1
INV-0016,Stark Inc,8467.18,PO-2026-0016,0
INV-0017,Cash-Only,122961.4,PO-2026-0017,1
INV-0018,Globex,3496.62,PO-2026-0018,0
INV-0019,Cash-Only,2705.35,PO-2026-0019,1
INV-0020,Stark Inc,2700.12,PO-2026-0020,0
INV-0021,Offshore Vendor,133025.55,PO-2026-0021,1
INV-0022,Soylent,15179.8,PO-2026-0022,0
INV-0023,Cash-Only,168146.98,PO-2026-0023,1
INV-0024,Soylent,28080.05,PO-2026-0024,0
INV-0025,Shell Co,47917.23,PO-2026-0025,1
INV-0026,Cyberdyne,21130.74,PO-2026-0026,0
INV-0027,Shell Co,27611.64,PO-MISMATCH-0027,1
INV-0028,Pied Piper,29913.44,PO-2026-0028,0
INV-0029,Cash-Only,62435.71,PO-2026-0029,1
INV-0030,Wayne Enterprises,13958.99,PO-2026-0030,0
INV-0031,Cash-Only,202509.07,PO-2026-0031,1
INV-0032,Stark Inc,37462.5,PO-2026-0032,0
INV-0033,Shell Co,160745.02,PO-2026-0033,1
INV-0034,Hooli,69640.42,PO-2026-0034,0
INV-0035,Cash-Only,5848.85,PO-2026-0035,1
INV-0036,Cyberdyne,31236.89,PO-2026-0036,0
INV-0037,Offshore Vendor,59872.98,PO-2026-0037,1
INV-0038,Hooli,47616.23,PO-2026-0038,0
INV-0039,Unknown LLC,4150.96,PO-MISMATCH-0039,1
INV-0040,Umbrella,20781.15,PO-2026-0040,0
INV-0041,Offshore Vendor,24210.99,PO-2026-0041,1
INV-0042,Pied Piper,36475.46,PO-2026-0042,0
INV-0043,Cash-Only,28131.36,PO-2026-0043,1
INV-0044,Stark Inc,10738.16,PO-2026-0044,0
INV-0045,Unknown LLC,2183.88,PO-MISMATCH-0045,1
INV-0046,Initech,33592.94,PO-2026-0046,0
INV-0047,Unknown LLC,118112.19,PO-2026-0047,1
INV-0048,Hooli,16652.88,PO-2026-0048,0
INV-0049,Cash-Only,9211.9,PO-MISMATCH-0049,1
INV-0050,Initech,76762.19,PO-2026-0050,0
INV-0051,Cash-Only,2653.18,PO-2026-0051,1
INV-0052,Hooli,43376.88,PO-2026-0052,0
INV-0053,Unknown LLC,1097.51,PO-MISMATCH-0053,1
INV-0054,Globex,31401.69,PO-2026-0054,0
INV-0055,Shell Co,35653.04,PO-MISMATCH-0055,1
INV-0056,Wayne Enterprises,39489.59,PO-2026-0056,0
INV-0057,Unknown LLC,24733.56,PO-2026-0057,1
INV-0058,Initech,22366.48,PO-2026-0058,0
INV-0059,Unknown LLC,231676.57,PO-2026-0059,1
INV-0060,Pied Piper,7277.64,PO-2026-0060,0
INV-0061,Offshore Vendor,95154.5,PO-2026-0061,1
INV-0062,Globex,34168.32,PO-2026-0062,0
INV-0063,Cash-Only,124131.69,PO-2026-0063,1
INV-0064,Pied Piper,39081.35,PO-2026-0064,0
INV-0065,Offshore Vendor,49201.12,PO-2026-0065,1
INV-0066,Pied Piper,8118.62,PO-2026-0066,0
INV-0067,Unknown LLC,222357.8,PO-2026-0067,1
INV-0068,Stark Inc,15251.96,PO-2026-0068,0
INV-0069,Offshore Vendor,25782.9,PO-2026-0069,1
INV-0070,Globex,35722.23,PO-2026-0070,0
INV-0071,Offshore Vendor,8014.34,PO-2026-0071,1
INV-0072,Initech,46980.64,PO-2026-0072,0
INV-0073,Cash-Only,124834.99,PO-2026-0073,1
INV-0074,Soylent,13521.23,PO-2026-0074,0
INV-0075,Unknown LLC,16258.31,PO-2026-0075,1
INV-0076,Stark Inc,4324.62,PO-2026-0076,0
INV-0077,Unknown LLC,16846.89,PO-2026-0077,1
INV-0078,AcmeCorp,35658.29,PO-2026-0078,0
INV-0079,Offshore Vendor,88869.77,PO-2026-0079,1
INV-0080,Cyberdyne,28229.25,PO-2026-0080,0
INV-0081,Unknown LLC,27382.36,PO-2026-0081,1
INV-0082,Cyberdyne,9507.37,PO-2026-0082,0
INV-0083,Offshore Vendor,34637.29,PO-2026-0083,1
INV-0084,Stark Inc,2079.89,PO-2026-0084,0
INV-0085,Cash-Only,38995.73,PO-MISMATCH-0085,1
INV-0086,AcmeCorp,40681.58,PO-2026-0086,0
INV-0087,Shell Co,184296.27,PO-2026-0087,1
INV-0088,Globex,5717.7,PO-2026-0088,0
INV-0089,Unknown LLC,6369.35,PO-MISMATCH-0089,1
INV-0090,Wayne Enterprises,3462.65,PO-2026-0090,0
INV-0091,Offshore Vendor,1871.98,PO-2026-0091,1
INV-0092,Stark Inc,8963.92,PO-2026-0092,0
INV-0093,Cash-Only,127120.57,PO-2026-0093,1
INV-0094,Stark Inc,29239.08,PO-2026-0094,0
INV-0095,Unknown LLC,142310.47,PO-2026-0095,1
INV-0096,Soylent,33125.67,PO-2026-0096,0
INV-0097,Offshore Vendor,242870.09,PO-2026-0097,1
INV-0098,Soylent,42528.72,PO-2026-0098,0
INV-0099,Offshore Vendor,32937.86,PO-MISMATCH-0099,1
INV-0100,AcmeCorp,35546.47,PO-2026-0100,0
INV-0101,Offshore Vendor,152364.48,PO-2026-0101,1
INV-0102,AcmeCorp,46142.92,PO-2026-0102,0
INV-0103,Offshore Vendor,50905.38,PO-2026-0103,1
INV-0104,Cyberdyne,39298.79,PO-2026-0104,0
INV-0105,Unknown LLC,15638.28,PO-2026-0105,1
INV-0106,Soylent,11905.78,PO-2026-0106,0
INV-0107,Offshore Vendor,8299.92,PO-2026-0107,1
INV-0108,Stark Inc,30504.42,PO-2026-0108,0
INV-0109,Unknown LLC,4972.55,PO-2026-0109,1
INV-0110,Wayne Enterprises,30291.39,PO-2026-0110,0
INV-0111,Offshore Vendor,40356.55,PO-2026-0111,1
INV-0112,Globex,47375.91,PO-2026-0112,0
INV-0113,Hooli,11031.86,PO-2026-0113,1
INV-0114,Soylent,4718.03,PO-2026-0114,0
INV-0115,Unknown LLC,41068.95,PO-MISMATCH-0115,1
INV-0116,Hooli,248548.51,PO-2026-0116,0
INV-0117,Shell Co,48025.7,PO-2026-0117,1
INV-0118,Umbrella,15561.22,PO-2026-0118,0
INV-0119,Cash-Only,81638.81,PO-2026-0119,1
INV-0120,Stark Inc,42705.99,PO-2026-0120,0
INV-0121,Offshore Vendor,192518.14,PO-2026-0121,1
INV-0122,Soylent,30356.5,PO-2026-0122,0
INV-0123,Offshore Vendor,205772.63,PO-2026-0123,1
INV-0124,Cyberdyne,17375.52,PO-2026-0124,0
INV-0125,Stark Inc,23147.19,PO-2026-0125,1
INV-0126,Initech,207942.62,PO-2026-0126,0
INV-0127,Offshore Vendor,39083.13,PO-MISMATCH-0127,1
INV-0128,Hooli,12110.21,PO-2026-0128,0
INV-0129,Shell Co,41788.39,PO-MISMATCH-0129,1
INV-0130,Globex,26041.84,PO-2026-0130,0
INV-0131,Shell Co,116687.26,PO-2026-0131,1
INV-0132,Soylent,27560.96,PO-2026-0132,0
INV-0133,Cash-Only,50039.91,PO-2026-0133,1
INV-0134,Hooli,9075.56,PO-2026-0134,0
INV-0135,Unknown LLC,27488.36,PO-MISMATCH-0135,1
INV-0136,Cyberdyne,16516.26,PO-2026-0136,0
INV-0137,Shell Co,9640.89,PO-2026-0137,1
INV-0138,Hooli,28166.2,PO-2026-0138,0
INV-0139,Offshore Vendor,39042.58,PO-2026-0139,1
INV-0140,Cyberdyne,18169.74,PO-2026-0140,0
INV-0141,Cash-Only,39313.73,PO-MISMATCH-0141,1
INV-0142,Initech,36499.39,PO-2026-0142,0
INV-0143,Shell Co,72379.33,PO-2026-0143,1
INV-0144,Initech,47438.35,PO-2026-0144,0
INV-0145,Shell Co,40533.66,PO-MISMATCH-0145,1
INV-0146,Wayne Enterprises,43651.37,PO-2026-0146,0
INV-0147,Pied Piper,35708.79,PO-2026-0147,1
INV-0148,Wayne Enterprises,36565.21,PO-2026-0148,0
INV-0149,Offshore Vendor,101348.8,PO-2026-0149,1
INV-0150,Stark Inc,33887.13,PO-2026-0150,0
INV-0151,Cash-Only,157491.38,PO-2026-0151,1
INV-0152,Hooli,2790.34,PO-2026-0152,0
INV-0153,Shell Co,1101.12,PO-2026-0153,1
INV-0154,Hooli,34926.93,PO-2026-0154,0
INV-0155,Offshore Vendor,126530.28,PO-2026-0155,1
INV-0156,Initech,15894.61,PO-2026-0156,0
INV-0157,Cash-Only,138394.7,PO-2026-0157,1
INV-0158,Stark Inc,28168.32,PO-2026-0158,0
INV-0159,Hooli,32868.74,PO-2026-0159,1
INV-0160,Initech,5783.34,PO-2026-0160,0
INV-0161,Offshore Vendor,4754.75,PO-MISMATCH-0161,1
INV-0162,Cyberdyne,6229.24,PO-2026-0162,0
INV-0163,Cash-Only,37954.27,PO-MISMATCH-0163,1
INV-0164,Cyberdyne,47680.39,PO-2026-0164,0
INV-0165,Shell Co,36888.95,PO-MISMATCH-0165,1
INV-0166,Wayne Enterprises,15270.24,PO-2026-0166,0
INV-0167,Shell Co,195037.95,PO-2026-0167,1
INV-0168,AcmeCorp,42423.47,PO-2026-0168,0
INV-0169,Unknown LLC,28982.95,PO-2026-0169,1
INV-0170,Pied Piper,16153.01,PO-2026-0170,0
INV-0171,Cash-Only,39924.2,PO-2026-0171,1
INV-0172,Umbrella,32684.11,PO-2026-0172,0
INV-0173,Globex,6537.36,PO-2026-0173,1
INV-0174,Globex,21656.82,PO-2026-0174,0
INV-0175,Cash-Only,38345.33,PO-MISMATCH-0175,1
INV-0176,Wayne Enterprises,41662.5,PO-2026-0176,0
INV-0177,Shell Co,186197.21,PO-2026-0177,1
INV-0178,Wayne Enterprises,18906.94,PO-2026-0178,0
INV-0179,Unknown LLC,225377.92,PO-2026-0179,1
INV-0180,Cyberdyne,39810.77,PO-2026-0180,0
INV-0181,Cash-Only,26131.78,PO-MISMATCH-0181,1
INV-0182,Hooli,38037.69,PO-2026-0182,0
INV-0183,Shell Co,215449.53,PO-2026-0183,1
INV-0184,Wayne Enterprises,18718.62,PO-2026-0184,0
INV-0185,Offshore Vendor,33485.08,PO-MISMATCH-0185,1
INV-0186,Hooli,34686.68,PO-2026-0186,0
INV-0187,Shell Co,2530.17,PO-MISMATCH-0187,1
INV-0188,AcmeCorp,17578.79,PO-2026-0188,0
INV-0189,Unknown LLC,165323.14,PO-2026-0189,1
INV-0190,Initech,159136.94,PO-2026-0190,0
INV-0191,Unknown LLC,35272.8,PO-2026-0191,1
INV-0192,Globex,34567.4,PO-2026-0192,0
INV-0193,Cash-Only,8569.92,PO-MISMATCH-0193,1
INV-0194,Wayne Enterprises,14469.06,PO-2026-0194,0
INV-0195,Unknown LLC,12948.28,PO-MISMATCH-0195,1
INV-0196,Globex,39600.97,PO-2026-0196,0
INV-0197,Cash-Only,40003.86,PO-2026-0197,1
INV-0198,Initech,45432.46,PO-2026-0198,0
INV-0199,Shell Co,24592.08,PO-2026-0199,1
INV-0200,Wayne Enterprises,13044.48,PO-2026-0200,0
INV-0201,Unknown LLC,14078.97,PO-MISMATCH-0201,1
INV-0202,AcmeCorp,47276.96,PO-2026-0202,0
INV-0203,Unknown LLC,44767.56,PO-MISMATCH-0203,1
INV-0204,Soylent,13208.27,PO-2026-0204,0
INV-0205,Shell Co,21407.65,PO-2026-0205,1
INV-0206,Wayne Enterprises,21244.81,PO-2026-0206,0
INV-0207,Shell Co,30189.19,PO-2026-0207,1
INV-0208,Soylent,22554.12,PO-2026-0208,0
INV-0209,Cash-Only,41541.56,PO-MISMATCH-0209,1
INV-0210,Soylent,27521.77,PO-2026-0210,0
INV-0211,Cash-Only,50496.95,PO-MISMATCH-0211,1
INV-0212,Hooli,16155.39,PO-2026-0212,0
INV-0213,Unknown LLC,4008.92,PO-MISMATCH-0213,1
INV-0214,Stark Inc,29704.12,PO-2026-0214,0
INV-0215,Unknown LLC,21297.9,PO-2026-0215,1
INV-0216,Soylent,39022.47,PO-2026-0216,0
INV-0217,Cash-Only,9378.06,PO-2026-0217,1
INV-0218,Cyberdyne,31255.69,PO-2026-0218,0
INV-0219,Cash-Only,140157.11,PO-2026-0219,1
INV-0220,AcmeCorp,49164.36,PO-2026-0220,0
INV-0221,Offshore Vendor,8492.37,PO-MISMATCH-0221,1
INV-0222,Cyberdyne,5374.61,PO-2026-0222,0
INV-0223,Offshore Vendor,49961.91,PO-MISMATCH-0223,1
INV-0224,AcmeCorp,42599.49,PO-2026-0224,0
INV-0225,Unknown LLC,13695.36,PO-2026-0225,1
INV-0226,Initech,37615.46,PO-2026-0226,0
INV-0227,Cash-Only,213593,PO-2026-0227,1
INV-0228,Cyberdyne,160454.99,PO-2026-0228,0
INV-0229,Shell Co,163784.4,PO-2026-0229,1
INV-0230,Initech,25711.14,PO-2026-0230,0
INV-0231,Cash-Only,42788.67,PO-2026-0231,1
INV-0232,Cyberdyne,4907.58,PO-2026-0232,0
INV-0233,Offshore Vendor,83986.66,PO-2026-0233,1
INV-0234,Pied Piper,27303.4,PO-2026-0234,0
INV-0235,Unknown LLC,34194.49,PO-MISMATCH-0235,1
INV-0236,AcmeCorp,31240.26,PO-2026-0236,0
INV-0237,Unknown LLC,49422.35,PO-MISMATCH-0237,1
INV-0238,Wayne Enterprises,23681.88,PO-2026-0238,0
INV-0239,Offshore Vendor,80605.53,PO-2026-0239,1
INV-0240,Umbrella,17704.81,PO-2026-0240,0
INV-0241,Unknown LLC,8595.07,PO-2026-0241,1
INV-0242,Cyberdyne,16858.4,PO-2026-0242,0
INV-0243,Offshore Vendor,38627.53,PO-MISMATCH-0243,1
INV-0244,AcmeCorp,45657.79,PO-2026-0244,0
INV-0245,Shell Co,29292.05,PO-MISMATCH-0245,1
INV-0246,Stark Inc,45176.63,PO-2026-0246,0
INV-0247,Shell Co,42998.79,PO-2026-0247,1
INV-0248,Globex,43095.31,PO-2026-0248,0
INV-0249,Shell Co,40591.02,PO-MISMATCH-0249,1
INV-0250,Hooli,27912.73,PO-2026-0250,0
INV-0251,Shell Co,139713.62,PO-2026-0251,1
INV-0252,Soylent,37363.76,PO-2026-0252,0
INV-0253,Shell Co,187387.25,PO-2026-0253,1
INV-0254,Soylent,23292.32,PO-2026-0254,0
INV-0255,Shell Co,91570.1,PO-2026-0255,1
INV-0256,Stark Inc,18591.17,PO-2026-0256,0
INV-0257,Unknown LLC,37497.12,PO-2026-0257,1
INV-0258,Wayne Enterprises,49495.2,PO-2026-0258,0
INV-0259,Shell Co,11965,PO-MISMATCH-0259,1
INV-0260,Initech,4972.32,PO-2026-0260,0
INV-0261,Shell Co,40149.36,PO-2026-0261,1
INV-0262,Pied Piper,34316.46,PO-2026-0262,0
INV-0263,Shell Co,2702.52,PO-MISMATCH-0263,1
INV-0264,Globex,4241.94,PO-2026-0264,0
INV-0265,Unknown LLC,27039.24,PO-MISMATCH-0265,1
INV-0266,Stark Inc,44377.99,PO-2026-0266,0
INV-0267,Offshore Vendor,19889.82,PO-MISMATCH-0267,1
INV-0268,Pied Piper,43767.74,PO-2026-0268,0
INV-0269,Shell Co,217281.69,PO-2026-0269,1
INV-0270,Globex,37087.88,PO-2026-0270,0
INV-0271,Shell Co,49762.95,PO-2026-0271,1
INV-0272,Soylent,47874.94,PO-2026-0272,0
INV-0273,Cash-Only,14419.65,PO-2026-0273,1
INV-0274,Cyberdyne,17225.34,PO-2026-0274,0
INV-0275,Shell Co,6285.4,PO-2026-0275,1
INV-0276,Hooli,32273.86,PO-2026-0276,0
INV-0277,Cash-Only,110890.38,PO-2026-0277,1
INV-0278,Initech,20964.47,PO-2026-0278,0
INV-0279,Cash-Only,48391.06,PO-2026-0279,1
INV-0280,Stark Inc,4508.51,PO-2026-0280,0
INV-0281,Cash-Only,234127.53,PO-2026-0281,1
INV-0282,Initech,5020.32,PO-2026-0282,0
INV-0283,Unknown LLC,199402.25,PO-2026-0283,1
INV-0284,Initech,39404.71,PO-2026-0284,0
INV-0285,Unknown LLC,46865.1,PO-2026-0285,1
INV-0286,Initech,50377.73,PO-2026-0286,0
INV-0287,Shell Co,15733.22,PO-2026-0287,1
INV-0288,Umbrella,35049.38,PO-2026-0288,0
INV-0289,Unknown LLC,40486.85,PO-2026-0289,1
INV-0290,AcmeCorp,46701.16,PO-2026-0290,0
INV-0291,Shell Co,2938.87,PO-MISMATCH-0291,1
INV-0292,AcmeCorp,19667.74,PO-2026-0292,0
INV-0293,Shell Co,53270.71,PO-2026-0293,1
INV-0294,Soylent,8588.84,PO-2026-0294,0
INV-0295,Cash-Only,7383.98,PO-2026-0295,1
INV-0296,Umbrella,1438.52,PO-2026-0296,0
INV-0297,Offshore Vendor,31275.9,PO-MISMATCH-0297,1
INV-0298,Cyberdyne,30876.35,PO-2026-0298,0
INV-0299,Offshore Vendor,16240.34,PO-2026-0299,1
INV-0300,Hooli,43737.78,PO-2026-0300,0
INV-0301,Cash-Only,42417.8,PO-MISMATCH-0301,1
INV-0302,Globex,8792.6,PO-2026-0302,0
INV-0303,Unknown LLC,33588.2,PO-MISMATCH-0303,1
INV-0304,Globex,29808.21,PO-2026-0304,0
INV-0305,Unknown LLC,206975.26,PO-2026-0305,1
INV-0306,Soylent,26835.2,PO-2026-0306,0
INV-0307,Shell Co,26484.35,PO-MISMATCH-0307,1
INV-0308,Globex,47316.5,PO-2026-0308,0
INV-0309,Offshore Vendor,4273.32,PO-2026-0309,1
INV-0310,Stark Inc,43213.38,PO-2026-0310,0
INV-0311,Shell Co,50583.03,PO-MISMATCH-0311,1
INV-0312,Initech,19947.27,PO-2026-0312,0
INV-0313,Offshore Vendor,40791.82,PO-MISMATCH-0313,1
INV-0314,AcmeCorp,9348.34,PO-2026-0314,0
INV-0315,Cash-Only,96656.12,PO-2026-0315,1
INV-0316,Initech,23504.53,PO-2026-0316,0
INV-0317,Unknown LLC,195526.67,PO-2026-0317,1
INV-0318,Umbrella,28878.96,PO-2026-0318,0
INV-0319,Offshore Vendor,111066.82,PO-2026-0319,1
INV-0320,Soylent,27463.81,PO-2026-0320,0
INV-0321,Cash-Only,147293.15,PO-2026-0321,1
INV-0322,Cyberdyne,5076.41,PO-2026-0322,0
INV-0323,Shell Co,20122.54,PO-2026-0323,1
INV-0324,Cyberdyne,46816.07,PO-2026-0324,0
INV-0325,Shell Co,129682.97,PO-2026-0325,1
INV-0326,AcmeCorp,44823.26,PO-2026-0326,0
INV-0327,Offshore Vendor,8818.42,PO-2026-0327,1
INV-0328,Stark Inc,18393.78,PO-2026-0328,0
INV-0329,Unknown LLC,27419.28,PO-2026-0329,1
INV-0330,Wayne Enterprises,48229.45,PO-2026-0330,0
INV-0331,Shell Co,36952.66,PO-2026-0331,1
INV-0332,Stark Inc,8675.27,PO-2026-0332,0
INV-0333,Unknown LLC,39011.12,PO-MISMATCH-0333,1
INV-0334,Globex,41090.3,PO-2026-0334,0
INV-0335,Hooli,29429.82,PO-2026-0335,1
INV-0336,Stark Inc,41684.29,PO-2026-0336,0
INV-0337,Offshore Vendor,45690.63,PO-2026-0337,1
INV-0338,Globex,45975.71,PO-2026-0338,0
INV-0339,Globex,8069.32,PO-2026-0339,1
INV-0340,Globex,24739.81,PO-2026-0340,0
INV-0341,Unknown LLC,13106.3,PO-MISMATCH-0341,1
INV-0342,AcmeCorp,26805.62,PO-2026-0342,0
INV-0343,Unknown LLC,153346.63,PO-2026-0343,1
INV-0344,AcmeCorp,201182.69,PO-2026-0344,0
INV-0345,Offshore Vendor,8570.65,PO-2026-0345,1
INV-0346,Wayne Enterprises,49317.16,PO-2026-0346,0
INV-0347,Offshore Vendor,24366.54,PO-MISMATCH-0347,1
INV-0348,Umbrella,37410.97,PO-2026-0348,0
INV-0349,Shell Co,23523.76,PO-2026-0349,1
INV-0350,Cyberdyne,20496.43,PO-2026-0350,0
INV-0351,Offshore Vendor,28655.78,PO-MISMATCH-0351,1
INV-0352,Umbrella,44861.88,PO-2026-0352,0
INV-0353,Offshore Vendor,163423.41,PO-2026-0353,1
INV-0354,Umbrella,13949.9,PO-2026-0354,0
INV-0355,Cash-Only,22096.52,PO-2026-0355,1
INV-0356,Stark Inc,16561.69,PO-2026-0356,0
INV-0357,Unknown LLC,8832.02,PO-MISMATCH-0357,1
INV-0358,AcmeCorp,44967.35,PO-2026-0358,0
INV-0359,Cash-Only,50681.02,PO-2026-0359,1
INV-0360,Pied Piper,38348.33,PO-2026-0360,0
INV-0361,Shell Co,4773.32,PO-MISMATCH-0361,1
INV-0362,Hooli,49286.6,PO-2026-0362,0
INV-0363,Offshore Vendor,38095.8,PO-2026-0363,1
INV-0364,Stark Inc,15107.13,PO-2026-0364,0
INV-0365,Cash-Only,23025.48,PO-MISMATCH-0365,1
INV-0366,Hooli,38222.47,PO-2026-0366,0
INV-0367,Offshore Vendor,7298.99,PO-2026-0367,1
INV-0368,AcmeCorp,13332.91,PO-2026-0368,0
INV-0369,Unknown LLC,12033.53,PO-MISMATCH-0369,1
INV-0370,Soylent,7333.04,PO-2026-0370,0
INV-0371,Cash-Only,20115.33,PO-2026-0371,1
INV-0372,Stark Inc,50216.19,PO-2026-0372,0
INV-0373,Offshore Vendor,44580,PO-2026-0373,1
INV-0374,Wayne Enterprises,41126.7,PO-2026-0374,0
INV-0375,Shell Co,44197.1,PO-2026-0375,1
INV-0376,Umbrella,14741.25,PO-2026-0376,0
INV-0377,Unknown LLC,140577.16,PO-2026-0377,1
INV-0378,Initech,42906.32,PO-2026-0378,0
INV-0379,Unknown LLC,234661.6,PO-2026-0379,1
INV-0380,Pied Piper,63575.49,PO-2026-0380,0
INV-0381,Cash-Only,50600.98,PO-2026-0381,1
INV-0382,Hooli,40788.96,PO-2026-0382,0
INV-0383,Offshore Vendor,40223.77,PO-MISMATCH-0383,1
INV-0384,Initech,31730.54,PO-2026-0384,0
INV-0385,Unknown LLC,22603.01,PO-MISMATCH-0385,1
INV-0386,Globex,4625.02,PO-2026-0386,0
INV-0387,Cash-Only,202785.81,PO-2026-0387,1
INV-0388,Initech,40770.32,PO-2026-0388,0
INV-0389,Unknown LLC,17885.53,PO-2026-0389,1
INV-0390,Umbrella,44777.71,PO-2026-0390,0
INV-0391,Shell Co,194382.96,PO-2026-0391,1
INV-0392,Pied Piper,28580.55,PO-2026-0392,0
INV-0393,Cash-Only,5982.54,PO-MISMATCH-0393,1
INV-0394,Globex,36848.25,PO-2026-0394,0
INV-0395,Unknown LLC,72388.64,PO-2026-0395,1
INV-0396,Cyberdyne,22062.84,PO-2026-0396,0
INV-0397,Cash-Only,29930.92,PO-MISMATCH-0397,1
INV-0398,Pied Piper,29734.28,PO-2026-0398,0
INV-0399,Offshore Vendor,16722.8,PO-MISMATCH-0399,1
INV-0400,Initech,16229.63,PO-2026-0400,0
INV-0401,Offshore Vendor,134541.62,PO-2026-0401,1
INV-0402,AcmeCorp,18191.78,PO-2026-0402,0
INV-0403,Cash-Only,26458.44,PO-2026-0403,1
INV-0404,Stark Inc,38807.08,PO-2026-0404,0
INV-0405,Offshore Vendor,6462.91,PO-MISMATCH-0405,1
INV-0406,Stark Inc,39425.01,PO-2026-0406,0
INV-0407,Offshore Vendor,39073.44,PO-2026-0407,1
INV-0408,AcmeCorp,5950.73,PO-2026-0408,0
INV-0409,Shell Co,7593.55,PO-2026-0409,1
INV-0410,Globex,199851.06,PO-2026-0410,0
INV-0411,Unknown LLC,47149.92,PO-MISMATCH-0411,1
INV-0412,Hooli,6007.83,PO-2026-0412,0
INV-0413,Unknown LLC,16673.57,PO-2026-0413,1
INV-0414,Globex,14736.04,PO-2026-0414,0
INV-0415,Shell Co,9750.8,PO-MISMATCH-0415,1
INV-0416,Globex,48581.72,PO-2026-0416,0
INV-0417,Cash-Only,237551.97,PO-2026-0417,1
INV-0418,Stark Inc,17765.86,PO-2026-0418,0
INV-0419,Globex,1456.54,PO-2026-0419,1
INV-0420,AcmeCorp,40982.31,PO-2026-0420,0
INV-0421,Offshore Vendor,8757.45,PO-MISMATCH-0421,1
INV-0422,Initech,7337.5,PO-2026-0422,0
INV-0423,Unknown LLC,19543.94,PO-MISMATCH-0423,1
INV-0424,Hooli,35821.18,PO-2026-0424,0
INV-0425,Offshore Vendor,3127.72,PO-MISMATCH-0425,1
INV-0426,Initech,19892.15,PO-2026-0426,0
INV-0427,Offshore Vendor,14562.87,PO-2026-0427,1
INV-0428,AcmeCorp,31243.13,PO-2026-0428,0
INV-0429,Unknown LLC,91602.54,PO-2026-0429,1
INV-0430,AcmeCorp,44352.43,PO-2026-0430,0
INV-0431,Umbrella,13318.66,PO-2026-0431,1
INV-0432,Pied Piper,10029.58,PO-2026-0432,0
INV-0433,Unknown LLC,216719.77,PO-2026-0433,1
INV-0434,Umbrella,17811.58,PO-2026-0434,0
INV-0435,Cash-Only,228770.81,PO-2026-0435,1
INV-0436,Initech,17512.53,PO-2026-0436,0
INV-0437,Cash-Only,15913.38,PO-2026-0437,1
INV-0438,Umbrella,7287.67,PO-2026-0438,0
INV-0439,Cash-Only,180957.83,PO-2026-0439,1
INV-0440,Stark Inc,24183.56,PO-2026-0440,0
INV-0441,Offshore Vendor,44604.26,PO-MISMATCH-0441,1
INV-0442,Hooli,20889.08,PO-2026-0442,0
INV-0443,Offshore Vendor,30294.13,PO-MISMATCH-0443,1
INV-0444,AcmeCorp,49712.66,PO-2026-0444,0
INV-0445,Cash-Only,183920.13,PO-2026-0445,1
INV-0446,Pied Piper,24086.79,PO-2026-0446,0
INV-0447,Shell Co,168112.8,PO-2026-0447,1
INV-0448,Wayne Enterprises,4539.07,PO-2026-0448,0
INV-0449,Shell Co,8472.71,PO-MISMATCH-0449,1
INV-0450,Globex,1288.78,PO-2026-0450,0
INV-0451,Unknown LLC,11421.79,PO-MISMATCH-0451,1
INV-0452,Stark Inc,43957.93,PO-2026-0452,0
INV-0453,Shell Co,27879.88,PO-2026-0453,1
INV-0454,Umbrella,33812.5,PO-2026-0454,0
INV-0455,Unknown LLC,31080.82,PO-2026-0455,1
INV-0456,Pied Piper,42512.82,PO-2026-0456,0
INV-0457,Offshore Vendor,110946.95,PO-2026-0457,1
INV-0458,Initech,20611.07,PO-2026-0458,0
INV-0459,Shell Co,24892.62,PO-2026-0459,1
INV-0460,AcmeCorp,4571.12,PO-2026-0460,0
INV-0461,Offshore Vendor,28457.64,PO-MISMATCH-0461,1
INV-0462,Stark Inc,6205.35,PO-2026-0462,0
INV-0463,Offshore Vendor,232357.01,PO-2026-0463,1
INV-0464,Stark Inc,2792.64,PO-2026-0464,0
INV-0465,Cash-Only,104866.48,PO-2026-0465,1
INV-0466,Hooli,9537.63,PO-2026-0466,0
INV-0467,Cash-Only,15517.66,PO-MISMATCH-0467,1
INV-0468,Stark Inc,123253.21,PO-2026-0468,0
INV-0469,Shell Co,18029.01,PO-MISMATCH-0469,1
INV-0470,Umbrella,23179.04,PO-2026-0470,0
INV-0471,Offshore Vendor,163182.7,PO-2026-0471,1
INV-0472,Cyberdyne,25895.33,PO-2026-0472,0
INV-0473,Cash-Only,27600.38,PO-2026-0473,1
INV-0474,Soylent,26678.15,PO-2026-0474,0
INV-0475,Unknown LLC,18903.2,PO-MISMATCH-0475,1
INV-0476,AcmeCorp,26857.55,PO-2026-0476,0
INV-0477,Unknown LLC,204045.62,PO-2026-0477,1
INV-0478,AcmeCorp,24226.35,PO-2026-0478,0
INV-0479,Unknown LLC,9317.2,PO-2026-0479,1
INV-0480,Stark Inc,10097.73,PO-2026-0480,0
INV-0481,Shell Co,129616.25,PO-2026-0481,1
INV-0482,Umbrella,46002.45,PO-2026-0482,0
INV-0483,Shell Co,7611.84,PO-MISMATCH-0483,1
INV-0484,Hooli,34852.56,PO-2026-0484,0
INV-0485,Cash-Only,22673.25,PO-2026-0485,1
INV-0486,AcmeCorp,30128.75,PO-2026-0486,0
INV-0487,Cash-Only,110574.09,PO-2026-0487,1
INV-0488,Wayne Enterprises,49024.32,PO-2026-0488,0
INV-0489,Shell Co,8083.81,PO-2026-0489,1
INV-0490,Pied Piper,5748.99,PO-2026-0490,0
INV-0491,Shell Co,42460.13,PO-2026-0491,1
INV-0492,Umbrella,11664.01,PO-2026-0492,0
INV-0493,Shell Co,137583.18,PO-2026-0493,1
INV-0494,Initech,41663.45,PO-2026-0494,0
INV-0495,Shell Co,49218.59,PO-MISMATCH-0495,1
INV-0496,Soylent,1275,PO-2026-0496,0
INV-0497,Unknown LLC,217216.48,PO-2026-0497,1
INV-0498,Hooli,2291.93,PO-2026-0498,0
INV-0499,Unknown LLC,236407.87,PO-2026-0499,1
INV-0500,Initech,4318.79,PO-2026-0500,0
INV-0501,Cash-Only,148658.98,PO-2026-0501,1
INV-0502,Soylent,20125.14,PO-2026-0502,0
INV-0503,Shell Co,105321,PO-2026-0503,1
INV-0504,Umbrella,49711.69,PO-2026-0504,0
INV-0505,Shell Co,35625.4,PO-MISMATCH-0505,1
INV-0506,Stark Inc,20966.68,PO-2026-0506,0
INV-0507,Shell Co,209671.11,PO-2026-0507,1
INV-0508,Stark Inc,42787.92,PO-2026-0508,0
INV-0509,Offshore Vendor,34396.1,PO-MISMATCH-0509,1
INV-0510,Cyberdyne,34083.8,PO-2026-0510,0
INV-0511,Unknown LLC,37543.51,PO-2026-0511,1
INV-0512,Umbrella,11822.02,PO-2026-0512,0
INV-0513,Shell Co,6838.18,PO-MISMATCH-0513,1
INV-0514,Wayne Enterprises,50701.47,PO-2026-0514,0
INV-0515,Unknown LLC,18595.71,PO-MISMATCH-0515,1
INV-0516,Cyberdyne,1433.1,PO-2026-0516,0
INV-0517,Shell Co,15192.23,PO-2026-0517,1
INV-0518,AcmeCorp,23729.41,PO-2026-0518,0
INV-0519,Unknown LLC,28752.56,PO-MISMATCH-0519,1
INV-0520,Stark Inc,42698.75,PO-2026-0520,0
INV-0521,Shell Co,31188.4,PO-MISMATCH-0521,1
INV-0522,Pied Piper,4826.12,PO-2026-0522,0
INV-0523,Cash-Only,77073.06,PO-2026-0523,1
INV-0524,Globex,40379.77,PO-2026-0524,0
INV-0525,Offshore Vendor,26958.68,PO-2026-0525,1
INV-0526,Umbrella,20313.46,PO-2026-0526,0
INV-0527,Unknown LLC,38707.86,PO-MISMATCH-0527,1
INV-0528,Umbrella,15583.26,PO-2026-0528,0
INV-0529,Shell Co,1009.09,PO-MISMATCH-0529,1
INV-0530,Initech,39865.89,PO-2026-0530,0
INV-0531,AcmeCorp,10115.03,PO-2026-0531,1
INV-0532,Cyberdyne,1439.28,PO-2026-0532,0
INV-0533,Cash-Only,51826.87,PO-2026-0533,1
INV-0534,Globex,2500.26,PO-2026-0534,0
INV-0535,Unknown LLC,26510.18,PO-2026-0535,1
INV-0536,Globex,34817.96,PO-2026-0536,0
INV-0537,Offshore Vendor,5821.8,PO-2026-0537,1
INV-0538,Pied Piper,38315.04,PO-2026-0538,0
INV-0539,Cash-Only,107521.22,PO-2026-0539,1
INV-0540,Initech,45812.05,PO-2026-0540,0
INV-0541,Shell Co,187644.87,PO-2026-0541,1
INV-0542,Pied Piper,47220.95,PO-2026-0542,0
INV-0543,Cash-Only,48490.54,PO-2026-0543,1
INV-0544,Wayne Enterprises,43007.08,PO-2026-0544,0
INV-0545,Unknown LLC,47523.09,PO-MISMATCH-0545,1
INV-0546,AcmeCorp,11548.89,PO-2026-0546,0
INV-0547,Cash-Only,5524.31,PO-MISMATCH-0547,1
INV-0548,Pied Piper,14920.87,PO-2026-0548,0
INV-0549,Shell Co,41373.9,PO-MISMATCH-0549,1
INV-0550,Umbrella,48881.35,PO-2026-0550,0
INV-0551,Unknown LLC,49090.96,PO-MISMATCH-0551,1
INV-0552,AcmeCorp,29104.47,PO-2026-0552,0
INV-0553,Offshore Vendor,38706.16,PO-MISMATCH-0553,1
INV-0554,Globex,188874.53,PO-2026-0554,0
INV-0555,Shell Co,151115.64,PO-2026-0555,1
INV-0556,Pied Piper,32916.73,PO-2026-0556,0
INV-0557,Soylent,18854.04,PO-2026-0557,1
INV-0558,Wayne Enterprises,7478.91,PO-2026-0558,0
INV-0559,Offshore Vendor,6461.77,PO-2026-0559,1
INV-0560,Hooli,39183.95,PO-2026-0560,0
INV-0561,Shell Co,45742.35,PO-2026-0561,1
INV-0562,Pied Piper,8997.63,PO-2026-0562,0
INV-0563,Offshore Vendor,19914.57,PO-2026-0563,1
INV-0564,Globex,10512.82,PO-2026-0564,0
INV-0565,Offshore Vendor,11422.95,PO-MISMATCH-0565,1
INV-0566,Globex,5544.14,PO-2026-0566,0
INV-0567,Cash-Only,28107.8,PO-MISMATCH-0567,1
INV-0568,AcmeCorp,3655.25,PO-2026-0568,0
INV-0569,Offshore Vendor,20988.86,PO-2026-0569,1
INV-0570,Initech,6123.16,PO-2026-0570,0
INV-0571,Shell Co,88511.2,PO-2026-0571,1
INV-0572,Hooli,45447.05,PO-2026-0572,0
INV-0573,Shell Co,6296.73,PO-2026-0573,1
INV-0574,AcmeCorp,25549.23,PO-2026-0574,0
INV-0575,Offshore Vendor,15442.37,PO-2026-0575,1
INV-0576,AcmeCorp,15443.01,PO-2026-0576,0
INV-0577,Cash-Only,18175.3,PO-MISMATCH-0577,1
INV-0578,Initech,2548.74,PO-2026-0578,0
INV-0579,Offshore Vendor,32611.59,PO-2026-0579,1
INV-0580,Stark Inc,23957.9,PO-2026-0580,0
INV-0581,Unknown LLC,219539.66,PO-2026-0581,1
INV-0582,Pied Piper,11989.91,PO-2026-0582,0
INV-0583,Shell Co,6940.23,PO-MISMATCH-0583,1
INV-0584,Umbrella,34116.93,PO-2026-0584,0
INV-0585,Offshore Vendor,50458.66,PO-2026-0585,1
INV-0586,Soylent,34650.62,PO-2026-0586,0
INV-0587,Cash-Only,16751.03,PO-2026-0587,1
INV-0588,Initech,8053.19,PO-2026-0588,0
INV-0589,Globex,22849.2,PO-2026-0589,1
INV-0590,Cyberdyne,28469.42,PO-2026-0590,0
INV-0591,Offshore Vendor,156198.54,PO-2026-0591,1
INV-0592,Cyberdyne,50698.02,PO-2026-0592,0
INV-0593,Offshore Vendor,209592.73,PO-2026-0593,1
INV-0594,Hooli,48493.42,PO-2026-0594,0
INV-0595,Cash-Only,14841.28,PO-2026-0595,1
INV-0596,Umbrella,20126.65,PO-2026-0596,0
INV-0597,Unknown LLC,31699.59,PO-2026-0597,1
INV-0598,Stark Inc,37611.54,PO-2026-0598,0
INV-0599,Cash-Only,15926.8,PO-MISMATCH-0599,1
INV-0600,Wayne Enterprises,9967.83,PO-2026-0600,0
INV-0601,Shell Co,35159.45,PO-2026-0601,1
INV-0602,Hooli,5579.71,PO-2026-0602,0
INV-0603,Offshore Vendor,200835.18,PO-2026-0603,1
INV-0604,Hooli,42875.18,PO-2026-0604,0
INV-0605,Shell Co,27731.17,PO-2026-0605,1
INV-0606,Globex,19208.17,PO-2026-0606,0
INV-0607,Unknown LLC,248602.73,PO-2026-0607,1
INV-0608,Wayne Enterprises,37193.41,PO-2026-0608,0
INV-0609,Shell Co,6858.85,PO-MISMATCH-0609,1
INV-0610,Wayne Enterprises,4562.26,PO-2026-0610,0
INV-0611,Shell Co,40476.57,PO-MISMATCH-0611,1
INV-0612,Soylent,37831.75,PO-2026-0612,0
INV-0613,Unknown LLC,26625.81,PO-MISMATCH-0613,1
INV-0614,Globex,10146.63,PO-2026-0614,0
INV-0615,AcmeCorp,28375.68,PO-2026-0615,1
INV-0616,Initech,37459.04,PO-2026-0616,0
INV-0617,Cash-Only,38634.97,PO-MISMATCH-0617,1
INV-0618,Umbrella,33043.35,PO-2026-0618,0
INV-0619,Offshore Vendor,45710.87,PO-2026-0619,1
INV-0620,AcmeCorp,46962.24,PO-2026-0620,0
INV-0621,Shell Co,37784.09,PO-2026-0621,1
INV-0622,Wayne Enterprises,36146.8,PO-2026-0622,0
INV-0623,Offshore Vendor,150495.5,PO-2026-0623,1
INV-0624,Soylent,28100.61,PO-2026-0624,0
INV-0625,Initech,9971.6,PO-2026-0625,1
INV-0626,Umbrella,31748.61,PO-2026-0626,0
INV-0627,Shell Co,81574.47,PO-2026-0627,1
INV-0628,Initech,30381.76,PO-2026-0628,0
INV-0629,Offshore Vendor,189729.09,PO-2026-0629,1
INV-0630,Cyberdyne,16303.12,PO-2026-0630,0
INV-0631,Unknown LLC,26367.22,PO-MISMATCH-0631,1
INV-0632,Hooli,39607.57,PO-2026-0632,0
INV-0633,Offshore Vendor,65043.21,PO-2026-0633,1
INV-0634,Umbrella,29803.87,PO-2026-0634,0
INV-0635,Cash-Only,30254.33,PO-2026-0635,1
INV-0636,Pied Piper,47737.2,PO-2026-0636,0
INV-0637,Offshore Vendor,7646.81,PO-MISMATCH-0637,1
INV-0638,Globex,6978.27,PO-2026-0638,0
INV-0639,Shell Co,13690.81,PO-MISMATCH-0639,1
INV-0640,Globex,19909.08,PO-2026-0640,0
INV-0641,Cash-Only,3593.8,PO-2026-0641,1
INV-0642,Cyberdyne,49738.77,PO-2026-0642,0
INV-0643,Shell Co,26379.73,PO-2026-0643,1
INV-0644,Initech,43528.65,PO-2026-0644,0
INV-0645,Offshore Vendor,10818.99,PO-2026-0645,1
INV-0646,Wayne Enterprises,6683.42,PO-2026-0646,0
INV-0647,Cash-Only,44230.36,PO-MISMATCH-0647,1
INV-0648,Soylent,19075.98,PO-2026-0648,0
INV-0649,Cash-Only,14732.39,PO-2026-0649,1
INV-0650,Stark Inc,37740.41,PO-2026-0650,0
INV-0651,Shell Co,217215.52,PO-2026-0651,1
INV-0652,Stark Inc,5630.16,PO-2026-0652,0
INV-0653,Cash-Only,6543.13,PO-2026-0653,1
INV-0654,Globex,33619.61,PO-2026-0654,0
INV-0655,Unknown LLC,27055.22,PO-MISMATCH-0655,1
INV-0656,Hooli,28884.49,PO-2026-0656,0
INV-0657,Unknown LLC,177429.47,PO-2026-0657,1
INV-0658,Stark Inc,13753.73,PO-2026-0658,0
INV-0659,Offshore Vendor,9055.06,PO-2026-0659,1
INV-0660,Initech,22647.97,PO-2026-0660,0
INV-0661,Shell Co,168114.33,PO-2026-0661,1
INV-0662,AcmeCorp,244055.13,PO-2026-0662,0
INV-0663,Offshore Vendor,43342.65,PO-MISMATCH-0663,1
INV-0664,Initech,6629.19,PO-2026-0664,0
INV-0665,Unknown LLC,173461.44,PO-2026-0665,1
INV-0666,Pied Piper,22292.15,PO-2026-0666,0
INV-0667,Cash-Only,8490.61,PO-2026-0667,1
INV-0668,Wayne Enterprises,25371.38,PO-2026-0668,0
INV-0669,Shell Co,38247.99,PO-MISMATCH-0669,1
INV-0670,Initech,21161.5,PO-2026-0670,0
INV-0671,Cash-Only,30195.37,PO-MISMATCH-0671,1
INV-0672,Globex,36458.13,PO-2026-0672,0
INV-0673,Offshore Vendor,20240.07,PO-2026-0673,1
INV-0674,Stark Inc,26428.56,PO-2026-0674,0
INV-0675,Shell Co,8315.63,PO-2026-0675,1
INV-0676,Initech,38322.42,PO-2026-0676,0
INV-0677,Cash-Only,110416.48,PO-2026-0677,1
INV-0678,Globex,16729.67,PO-2026-0678,0
INV-0679,Unknown LLC,104718.99,PO-2026-0679,1
INV-0680,Globex,39227.31,PO-2026-0680,0
INV-0681,Cash-Only,10106.25,PO-2026-0681,1
INV-0682,Umbrella,4036.53,PO-2026-0682,0
INV-0683,Shell Co,13090.19,PO-2026-0683,1
INV-0684,Wayne Enterprises,21229.14,PO-2026-0684,0
INV-0685,Cash-Only,11557.77,PO-MISMATCH-0685,1
INV-0686,Pied Piper,32838.63,PO-2026-0686,0
INV-0687,Offshore Vendor,100614.49,PO-2026-0687,1
INV-0688,Globex,21442.38,PO-2026-0688,0
INV-0689,Unknown LLC,1684.38,PO-MISMATCH-0689,1
INV-0690,Globex,21290.67,PO-2026-0690,0
INV-0691,Cash-Only,215356.04,PO-2026-0691,1
INV-0692,Cyberdyne,39881.05,PO-2026-0692,0
INV-0693,Shell Co,38444.08,PO-MISMATCH-0693,1
INV-0694,Initech,21094.95,PO-2026-0694,0
INV-0695,Offshore Vendor,108049.9,PO-2026-0695,1
INV-0696,Cyberdyne,11086.31,PO-2026-0696,0
INV-0697,Initech,8708.68,PO-2026-0697,1
INV-0698,Wayne Enterprises,130154.85,PO-2026-0698,0
INV-0699,Unknown LLC,49276.35,PO-2026-0699,1
INV-0700,Stark Inc,7319.17,PO-2026-0700,0
INV-0701,Offshore Vendor,49970.54,PO-MISMATCH-0701,1
INV-0702,Pied Piper,9215.04,PO-2026-0702,0
INV-0703,Unknown LLC,78535.02,PO-2026-0703,1
INV-0704,Globex,5775.82,PO-2026-0704,0
INV-0705,Unknown LLC,20336.96,PO-2026-0705,1
INV-0706,Globex,36538.05,PO-2026-0706,0
INV-0707,Unknown LLC,112231.16,PO-2026-0707,1
INV-0708,Wayne Enterprises,15525.65,PO-2026-0708,0
INV-0709,Cash-Only,167864.42,PO-2026-0709,1
INV-0710,Pied Piper,23824.61,PO-2026-0710,0
INV-0711,Cash-Only,33949.51,PO-MISMATCH-0711,1
INV-0712,Stark Inc,31435.86,PO-2026-0712,0
INV-0713,Unknown LLC,234131.81,PO-2026-0713,1
INV-0714,Initech,42501.15,PO-2026-0714,0
INV-0715,Unknown LLC,27468.47,PO-MISMATCH-0715,1
INV-0716,Initech,2947.78,PO-2026-0716,0
INV-0717,Shell Co,47682.01,PO-MISMATCH-0717,1
INV-0718,Umbrella,27560.6,PO-2026-0718,0
INV-0719,Offshore Vendor,44379.54,PO-2026-0719,1
INV-0720,Hooli,3345.91,PO-2026-0720,0
INV-0721,Initech,40599.93,PO-2026-0721,1
INV-0722,Hooli,21273.48,PO-2026-0722,0
INV-0723,Unknown LLC,5115.53,PO-MISMATCH-0723,1
INV-0724,Hooli,31367.49,PO-2026-0724,0
INV-0725,Shell Co,83377.61,PO-2026-0725,1
INV-0726,Cyberdyne,18202.7,PO-2026-0726,0
INV-0727,Unknown LLC,245129.64,PO-2026-0727,1
INV-0728,Wayne Enterprises,17585.85,PO-2026-0728,0
INV-0729,Cash-Only,29037.84,PO-2026-0729,1
INV-0730,Initech,44682.43,PO-2026-0730,0
INV-0731,Cash-Only,150222.07,PO-2026-0731,1
INV-0732,AcmeCorp,5401.21,PO-2026-0732,0
INV-0733,Unknown LLC,50729.45,PO-2026-0733,1
INV-0734,Globex,41481.1,PO-2026-0734,0
INV-0735,Shell Co,120985.04,PO-2026-0735,1
INV-0736,AcmeCorp,16597.37,PO-2026-0736,0
INV-0737,Offshore Vendor,50412.07,PO-2026-0737,1
INV-0738,Initech,13004.97,PO-2026-0738,0
INV-0739,Unknown LLC,16654.06,PO-2026-0739,1
INV-0740,Initech,108731.09,PO-2026-0740,0
INV-0741,Shell Co,3838.32,PO-2026-0741,1
INV-0742,Pied Piper,35381.35,PO-2026-0742,0
INV-0743,Shell Co,176100.48,PO-2026-0743,1
INV-0744,Hooli,14414.67,PO-2026-0744,0
INV-0745,Shell Co,227906.24,PO-2026-0745,1
INV-0746,Globex,20995.13,PO-2026-0746,0
INV-0747,Cash-Only,170777.88,PO-2026-0747,1
INV-0748,Initech,39553.9,PO-2026-0748,0
INV-0749,Offshore Vendor,33767.59,PO-2026-0749,1
INV-0750,Cyberdyne,25605.4,PO-2026-0750,0
INV-0751,Unknown LLC,8305.12,PO-MISMATCH-0751,1
INV-0752,Hooli,91629.28,PO-2026-0752,0
INV-0753,Offshore Vendor,28586.78,PO-2026-0753,1
INV-0754,Soylent,155021.25,PO-2026-0754,0
INV-0755,Cash-Only,62402.78,PO-2026-0755,1
INV-0756,Umbrella,24777.24,PO-2026-0756,0
INV-0757,Offshore Vendor,65762.64,PO-2026-0757,1
INV-0758,Umbrella,33539.93,PO-2026-0758,0
INV-0759,Shell Co,237176.08,PO-2026-0759,1
INV-0760,Initech,24996.55,PO-2026-0760,0
INV-0761,Shell Co,54202.9,PO-2026-0761,1
INV-0762,AcmeCorp,36775.04,PO-2026-0762,0
INV-0763,Shell Co,44257.71,PO-MISMATCH-0763,1
INV-0764,AcmeCorp,45874.79,PO-2026-0764,0
INV-0765,Shell Co,128895.62,PO-2026-0765,1
INV-0766,AcmeCorp,50213.66,PO-2026-0766,0
INV-0767,Shell Co,177712.63,PO-2026-0767,1
INV-0768,AcmeCorp,5353.23,PO-2026-0768,0
INV-0769,Shell Co,127587.94,PO-2026-0769,1
INV-0770,AcmeCorp,39440.38,PO-2026-0770,0
INV-0771,Shell Co,134123.36,PO-2026-0771,1
INV-0772,Stark Inc,48894.82,PO-2026-0772,0
INV-0773,Shell Co,7067.57,PO-2026-0773,1
INV-0774,Wayne Enterprises,40329.43,PO-2026-0774,0
INV-0775,Cash-Only,41299.53,PO-2026-0775,1
INV-0776,Initech,24872.91,PO-2026-0776,0
INV-0777,Cash-Only,57224.68,PO-2026-0777,1
INV-0778,Hooli,12337.01,PO-2026-0778,0
INV-0779,Cash-Only,13101.22,PO-2026-0779,1
INV-0780,Hooli,16632.77,PO-2026-0780,0
INV-0781,Shell Co,158160.73,PO-2026-0781,1
INV-0782,Initech,20540.2,PO-2026-0782,0
INV-0783,Offshore Vendor,124245.88,PO-2026-0783,1
INV-0784,Hooli,16338.33,PO-2026-0784,0
INV-0785,Unknown LLC,42398.53,PO-MISMATCH-0785,1
INV-0786,Initech,47921.08,PO-2026-0786,0
INV-0787,Unknown LLC,9366.04,PO-2026-0787,1
INV-0788,AcmeCorp,16211.77,PO-2026-0788,0
INV-0789,Shell Co,23027.51,PO-2026-0789,1
INV-0790,Cyberdyne,40625.27,PO-2026-0790,0
INV-0791,Offshore Vendor,46072.39,PO-2026-0791,1
INV-0792,Wayne Enterprises,27870.01,PO-2026-0792,0
INV-0793,Cash-Only,120325.8,PO-2026-0793,1
INV-0794,Stark Inc,176874.34,PO-2026-0794,0
INV-0795,Offshore Vendor,122948.99,PO-2026-0795,1
INV-0796,Soylent,35166.41,PO-2026-0796,0
INV-0797,Unknown LLC,8670.48,PO-2026-0797,1
INV-0798,Initech,29648.7,PO-2026-0798,0
INV-0799,Unknown LLC,21262.99,PO-MISMATCH-0799,1
INV-0800,Stark Inc,25770.32,PO-2026-0800,0
INV-0801,Offshore Vendor,30605.84,PO-MISMATCH-0801,1
INV-0802,Wayne Enterprises,17214.31,PO-2026-0802,0
INV-0803,Offshore Vendor,54964.31,PO-2026-0803,1
INV-0804,Globex,6132.68,PO-2026-0804,0
INV-0805,Shell Co,167985.74,PO-2026-0805,1
INV-0806,Hooli,6522.64,PO-2026-0806,0
INV-0807,Offshore Vendor,138263.52,PO-2026-0807,1
INV-0808,Wayne Enterprises,37584.59,PO-2026-0808,0
INV-0809,Shell Co,19481.83,PO-2026-0809,1
INV-0810,Soylent,45997.4,PO-2026-0810,0
INV-0811,Cash-Only,24451.37,PO-MISMATCH-0811,1
INV-0812,Globex,15723.68,PO-2026-0812,0
INV-0813,Cash-Only,9893.22,PO-2026-0813,1
INV-0814,Soylent,36874.17,PO-2026-0814,0
INV-0815,Cash-Only,107636.64,PO-2026-0815,1
INV-0816,Initech,1516.33,PO-2026-0816,0
INV-0817,Cash-Only,79760.34,PO-2026-0817,1
INV-0818,Initech,43946.36,PO-2026-0818,0
INV-0819,Shell Co,34548.49,PO-2026-0819,1
INV-0820,Wayne Enterprises,15446.72,PO-2026-0820,0
INV-0821,Offshore Vendor,32141.53,PO-2026-0821,1
INV-0822,Stark Inc,23826.4,PO-2026-0822,0
INV-0823,Cash-Only,8298.15,PO-2026-0823,1
INV-0824,Cyberdyne,121965.12,PO-2026-0824,0
INV-0825,Cash-Only,26876.21,PO-2026-0825,1
INV-0826,Globex,31208.52,PO-2026-0826,0
INV-0827,Shell Co,44936.42,PO-MISMATCH-0827,1
INV-0828,Hooli,32376.52,PO-2026-0828,0
INV-0829,Shell Co,225028.61,PO-2026-0829,1
INV-0830,Initech,40225.99,PO-2026-0830,0
INV-0831,Cash-Only,37122.34,PO-MISMATCH-0831,1
INV-0832,AcmeCorp,38833.39,PO-2026-0832,0
INV-0833,Offshore Vendor,36396.99,PO-MISMATCH-0833,1
INV-0834,Wayne Enterprises,47130.92,PO-2026-0834,0
INV-0835,Offshore Vendor,184326.15,PO-2026-0835,1
INV-0836,Cyberdyne,8266.97,PO-2026-0836,0
INV-0837,Cash-Only,27240.51,PO-MISMATCH-0837,1
INV-0838,AcmeCorp,48516.85,PO-2026-0838,0
INV-0839,Offshore Vendor,11262.1,PO-2026-0839,1
INV-0840,Cyberdyne,22358.1,PO-2026-0840,0
INV-0841,Shell Co,139155.53,PO-2026-0841,1
INV-0842,Initech,48762.76,PO-2026-0842,0
INV-0843,Unknown LLC,151651.71,PO-2026-0843,1
INV-0844,Stark Inc,15734.93,PO-2026-0844,0
INV-0845,Shell Co,173879.74,PO-2026-0845,1
INV-0846,Soylent,5559.91,PO-2026-0846,0
INV-0847,Cash-Only,30547.01,PO-MISMATCH-0847,1
INV-0848,Initech,50791.77,PO-2026-0848,0
INV-0849,Cash-Only,117433.61,PO-2026-0849,1
INV-0850,AcmeCorp,40859.07,PO-2026-0850,0
INV-0851,Cash-Only,47926.08,PO-MISMATCH-0851,1
INV-0852,Wayne Enterprises,48864.62,PO-2026-0852,0
INV-0853,Shell Co,209990.55,PO-2026-0853,1
INV-0854,Pied Piper,47311.66,PO-2026-0854,0
INV-0855,Shell Co,244439.23,PO-2026-0855,1
INV-0856,Cyberdyne,50102.49,PO-2026-0856,0
INV-0857,Unknown LLC,152764.14,PO-2026-0857,1
INV-0858,Globex,37974.18,PO-2026-0858,0
INV-0859,Unknown LLC,37555.17,PO-2026-0859,1
INV-0860,Globex,36253.83,PO-2026-0860,0
INV-0861,Cash-Only,240763.6,PO-2026-0861,1
INV-0862,Umbrella,42136.99,PO-2026-0862,0
INV-0863,Unknown LLC,7150.73,PO-2026-0863,1
INV-0864,Initech,11537.99,PO-2026-0864,0
INV-0865,Shell Co,161633.91,PO-2026-0865,1
INV-0866,Umbrella,33570.35,PO-2026-0866,0
INV-0867,AcmeCorp,32158.73,PO-2026-0867,1
INV-0868,Globex,41270.63,PO-2026-0868,0
INV-0869,Unknown LLC,167275,PO-2026-0869,1
INV-0870,Hooli,8107.77,PO-2026-0870,0
INV-0871,Cash-Only,143461.97,PO-2026-0871,1
INV-0872,Umbrella,39551.64,PO-2026-0872,0
INV-0873,Offshore Vendor,117861.78,PO-2026-0873,1
INV-0874,Hooli,4688.46,PO-2026-0874,0
INV-0875,Cash-Only,162097.13,PO-2026-0875,1
INV-0876,Hooli,33810.31,PO-2026-0876,0
INV-0877,Shell Co,31393.23,PO-2026-0877,1
INV-0878,Soylent,18036.98,PO-2026-0878,0
INV-0879,Shell Co,134515.61,PO-2026-0879,1
INV-0880,Wayne Enterprises,14496.99,PO-2026-0880,0
INV-0881,Shell Co,18391.77,PO-MISMATCH-0881,1
INV-0882,Globex,45653.43,PO-2026-0882,0
INV-0883,Offshore Vendor,50327.31,PO-MISMATCH-0883,1
INV-0884,Globex,6604.35,PO-2026-0884,0
INV-0885,Unknown LLC,22794.16,PO-2026-0885,1
INV-0886,Wayne Enterprises,18215.58,PO-2026-0886,0
INV-0887,Offshore Vendor,48146.75,PO-MISMATCH-0887,1
INV-0888,Initech,4244.66,PO-2026-0888,0
INV-0889,Offshore Vendor,35620.5,PO-2026-0889,1
INV-0890,Pied Piper,4327.9,PO-2026-0890,0
INV-0891,Shell Co,19088.53,PO-MISMATCH-0891,1
INV-0892,Initech,45523.83,PO-2026-0892,0
INV-0893,Offshore Vendor,118646.36,PO-2026-0893,1
INV-0894,Hooli,34194.68,PO-2026-0894,0
INV-0895,Unknown LLC,2154.17,PO-MISMATCH-0895,1
INV-0896,Pied Piper,41452.31,PO-2026-0896,0
INV-0897,Cash-Only,41437.15,PO-MISMATCH-0897,1
INV-0898,Wayne Enterprises,28337.89,PO-2026-0898,0
INV-0899,Offshore Vendor,88697.23,PO-2026-0899,1
INV-0900,Globex,44382.16,PO-2026-0900,0
INV-0901,Shell Co,40585.28,PO-MISMATCH-0901,1
INV-0902,Cyberdyne,20489.52,PO-2026-0902,0
INV-0903,Offshore Vendor,46339.97,PO-MISMATCH-0903,1
INV-0904,Hooli,46535.79,PO-2026-0904,0
INV-0905,Unknown LLC,49145.2,PO-2026-0905,1
INV-0906,Hooli,28778.72,PO-2026-0906,0
INV-0907,Unknown LLC,12089.24,PO-MISMATCH-0907,1
INV-0908,Umbrella,28452.33,PO-2026-0908,0
INV-0909,Offshore Vendor,117256.64,PO-2026-0909,1
INV-0910,Pied Piper,17287.88,PO-2026-0910,0
INV-0911,Cash-Only,15480.91,PO-2026-0911,1
INV-0912,Pied Piper,35696.3,PO-2026-0912,0
INV-0913,Offshore Vendor,49449.85,PO-2026-0913,1
INV-0914,Globex,33648.92,PO-2026-0914,0
INV-0915,Unknown LLC,31856.62,PO-2026-0915,1
INV-0916,Pied Piper,23221.56,PO-2026-0916,0
INV-0917,Cash-Only,4187.98,PO-2026-0917,1
INV-0918,Umbrella,39182.89,PO-2026-0918,0
INV-0919,Unknown LLC,117949.53,PO-2026-0919,1
INV-0920,AcmeCorp,38229.15,PO-2026-0920,0
INV-0921,Shell Co,20512.97,PO-MISMATCH-0921,1
INV-0922,Umbrella,6564.82,PO-2026-0922,0
INV-0923,Cash-Only,30167.35,PO-2026-0923,1
INV-0924,Initech,21450.05,PO-2026-0924,0
INV-0925,Shell Co,180501.89,PO-2026-0925,1
INV-0926,Initech,43619.4,PO-2026-0926,0
INV-0927,Unknown LLC,3841.93,PO-2026-0927,1
INV-0928,Soylent,21423.65,PO-2026-0928,0
INV-0929,Shell Co,109431.58,PO-2026-0929,1
INV-0930,Initech,9691.46,PO-2026-0930,0
INV-0931,Cash-Only,29059.6,PO-MISMATCH-0931,1
INV-0932,Pied Piper,5222.7,PO-2026-0932,0
INV-0933,Offshore Vendor,44046.14,PO-MISMATCH-0933,1
INV-0934,Hooli,38234.52,PO-2026-0934,0
INV-0935,Unknown LLC,29508.22,PO-MISMATCH-0935,1
INV-0936,Initech,26988.12,PO-2026-0936,0
INV-0937,Cash-Only,41293.4,PO-MISMATCH-0937,1
INV-0938,Umbrella,31693.05,PO-2026-0938,0
INV-0939,Shell Co,39766.86,PO-2026-0939,1
INV-0940,Pied Piper,42030.07,PO-2026-0940,0
INV-0941,Offshore Vendor,28388.79,PO-MISMATCH-0941,1
INV-0942,Initech,13291.19,PO-2026-0942,0
INV-0943,Cash-Only,29866,PO-MISMATCH-0943,1
INV-0944,Soylent,50482.9,PO-2026-0944,0
INV-0945,Cash-Only,33663.74,PO-2026-0945,1
INV-0946,Soylent,9662.38,PO-2026-0946,0
INV-0947,Shell Co,39192.29,PO-MISMATCH-0947,1
INV-0948,Stark Inc,2728.57,PO-2026-0948,0
INV-0949,Offshore Vendor,12148.03,PO-2026-0949,1
INV-0950,Soylent,4142.78,PO-2026-0950,0
INV-0951,Unknown LLC,30383.64,PO-MISMATCH-0951,1
INV-0952,Cyberdyne,27722.75,PO-2026-0952,0
INV-0953,Unknown LLC,19424.45,PO-2026-0953,1
INV-0954,AcmeCorp,4462.93,PO-2026-0954,0
INV-0955,Offshore Vendor,165135.88,PO-2026-0955,1
INV-0956,Initech,20213.86,PO-2026-0956,0
INV-0957,Offshore Vendor,9727.32,PO-MISMATCH-0957,1
INV-0958,Wayne Enterprises,50654.57,PO-2026-0958,0
INV-0959,Unknown LLC,19036.15,PO-MISMATCH-0959,1
INV-0960,Pied Piper,24796.56,PO-2026-0960,0
INV-0961,Shell Co,32041.65,PO-2026-0961,1
INV-0962,Soylent,38897.23,PO-2026-0962,0
INV-0963,Shell Co,5799.02,PO-MISMATCH-0963,1
INV-0964,AcmeCorp,21756.06,PO-2026-0964,0
INV-0965,Cash-Only,22383.65,PO-2026-0965,1
INV-0966,Wayne Enterprises,3238.62,PO-2026-0966,0
INV-0967,Unknown LLC,189007.63,PO-2026-0967,1
INV-0968,Globex,13177.19,PO-2026-0968,0
INV-0969,Cash-Only,101457.73,PO-2026-0969,1
INV-0970,Cyberdyne,4362.97,PO-2026-0970,0
INV-0971,Offshore Vendor,228916.46,PO-2026-0971,1
INV-0972,Globex,32915.63,PO-2026-0972,0
INV-0973,Cash-Only,6136.75,PO-2026-0973,1
INV-0974,Wayne Enterprises,7999.9,PO-2026-0974,0
INV-0975,Cash-Only,26634.37,PO-MISMATCH-0975,1
INV-0976,AcmeCorp,26490.9,PO-2026-0976,0
INV-0977,Offshore Vendor,28604.45,PO-MISMATCH-0977,1
INV-0978,Globex,3857.46,PO-2026-0978,0
INV-0979,Offshore Vendor,48747.63,PO-2026-0979,1
INV-0980,Stark Inc,39103.22,PO-2026-0980,0
INV-0981,Unknown LLC,49154.32,PO-MISMATCH-0981,1
INV-0982,Globex,18499.54,PO-2026-0982,0
INV-0983,Shell Co,153001.96,PO-2026-0983,1
INV-0984,Cyberdyne,39949.03,PO-2026-0984,0
INV-0985,Shell Co,6060.54,PO-MISMATCH-0985,1
INV-0986,Stark Inc,28113.89,PO-2026-0986,0
INV-0987,Wayne Enterprises,1461.29,PO-2026-0987,1
INV-0988,Stark Inc,20184.65,PO-2026-0988,0
INV-0989,Shell Co,93222.78,PO-2026-0989,1
INV-0990,AcmeCorp,39003.82,PO-2026-0990,0
INV-0991,Offshore Vendor,22916.79,PO-2026-0991,1
INV-0992,Initech,26375.29,PO-2026-0992,0
INV-0993,Offshore Vendor,108718.37,PO-2026-0993,1
INV-0994,Hooli,2371.79,PO-2026-0994,0
INV-0995,Shell Co,23099.99,PO-2026-0995,1
INV-0996,Hooli,15645.11,PO-2026-0996,0
INV-0997,Umbrella,19661.3,PO-2026-0997,1
INV-0998,Soylent,43588.66,PO-2026-0998,0
INV-0999,Offshore Vendor,187551.94,PO-2026-0999,1
INV-1000,Hooli,48385.81,PO-2026-1000,0
